{
    "V_MV0_0_r": 10052.342990355211,
    "V_MV0_0_i": 5681.8776595056825,
    "V_MV0_1_r": -105.52110085041204,
    "V_MV0_1_i": -11546.523226954885,
    "V_MV0_2_r": -9946.821889504796,
    "V_MV0_2_i": 5864.6455674492045,
    "V_MV0_3_r": 0.0,
    "V_MV0_3_i": 0.0,
    "V_R01_0_r": 200.00000000000003,
    "V_R01_0_i": -115.47005383792515,
    "V_R01_1_r": -199.99999999999997,
    "V_R01_1_i": -115.47005383792524,
    "V_R01_2_r": 1.414100318299876e-14,
    "V_R01_2_i": 230.94010767585033,
    "V_R01_3_r": 0.0,
    "V_R01_3_i": 0.0,
    "V_R02_0_r": 200.00000000000003,
    "V_R02_0_i": -115.47005383792515,
    "V_R02_1_r": -199.99999999999997,
    "V_R02_1_i": -115.47005383792524,
    "V_R02_2_r": 1.414100318299876e-14,
    "V_R02_2_i": 230.94010767585033,
    "V_R02_3_r": 0.0,
    "V_R02_3_i": 0.0,
    "V_R03_0_r": 200.00000000000003,
    "V_R03_0_i": -115.47005383792515,
    "V_R03_1_r": -199.99999999999997,
    "V_R03_1_i": -115.47005383792524,
    "V_R03_2_r": 1.414100318299876e-14,
    "V_R03_2_i": 230.94010767585033,
    "V_R03_3_r": 0.0,
    "V_R03_3_i": 0.0,
    "V_R04_0_r": 200.00000000000003,
    "V_R04_0_i": -115.47005383792515,
    "V_R04_1_r": -199.99999999999997,
    "V_R04_1_i": -115.47005383792524,
    "V_R04_2_r": 1.414100318299876e-14,
    "V_R04_2_i": 230.94010767585033,
    "V_R04_3_r": 0.0,
    "V_R04_3_i": 0.0,
    "V_R05_0_r": 200.00000000000003,
    "V_R05_0_i": -115.47005383792515,
    "V_R05_1_r": -199.99999999999997,
    "V_R05_1_i": -115.47005383792524,
    "V_R05_2_r": 1.414100318299876e-14,
    "V_R05_2_i": 230.94010767585033,
    "V_R05_3_r": 0.0,
    "V_R05_3_i": 0.0,
    "V_R06_0_r": 200.00000000000003,
    "V_R06_0_i": -115.47005383792515,
    "V_R06_1_r": -199.99999999999997,
    "V_R06_1_i": -115.47005383792524,
    "V_R06_2_r": 1.414100318299876e-14,
    "V_R06_2_i": 230.94010767585033,
    "V_R06_3_r": 0.0,
    "V_R06_3_i": 0.0,
    "V_R07_0_r": 200.00000000000003,
    "V_R07_0_i": -115.47005383792515,
    "V_R07_1_r": -199.99999999999997,
    "V_R07_1_i": -115.47005383792524,
    "V_R07_2_r": 1.414100318299876e-14,
    "V_R07_2_i": 230.94010767585033,
    "V_R07_3_r": 0.0,
    "V_R07_3_i": 0.0,
    "V_R08_0_r": 200.00000000000003,
    "V_R08_0_i": -115.47005383792515,
    "V_R08_1_r": -199.99999999999997,
    "V_R08_1_i": -115.47005383792524,
    "V_R08_2_r": 1.414100318299876e-14,
    "V_R08_2_i": 230.94010767585033,
    "V_R08_3_r": 0.0,
    "V_R08_3_i": 0.0,
    "V_R09_0_r": 200.00000000000003,
    "V_R09_0_i": -115.47005383792515,
    "V_R09_1_r": -199.99999999999997,
    "V_R09_1_i": -115.47005383792524,
    "V_R09_2_r": 1.414100318299876e-14,
    "V_R09_2_i": 230.94010767585033,
    "V_R09_3_r": 0.0,
    "V_R09_3_i": 0.0,
    "V_R10_0_r": 200.00000000000003,
    "V_R10_0_i": -115.47005383792515,
    "V_R10_1_r": -199.99999999999997,
    "V_R10_1_i": -115.47005383792524,
    "V_R10_2_r": 1.414100318299876e-14,
    "V_R10_2_i": 230.94010767585033,
    "V_R10_3_r": 0.0,
    "V_R10_3_i": 0.0,
    "V_R11_0_r": 200.00000000000003,
    "V_R11_0_i": -115.47005383792515,
    "V_R11_1_r": -199.99999999999997,
    "V_R11_1_i": -115.47005383792524,
    "V_R11_2_r": 1.414100318299876e-14,
    "V_R11_2_i": 230.94010767585033,
    "V_R11_3_r": 0.0,
    "V_R11_3_i": 0.0,
    "V_R12_0_r": 200.00000000000003,
    "V_R12_0_i": -115.47005383792515,
    "V_R12_1_r": -199.99999999999997,
    "V_R12_1_i": -115.47005383792524,
    "V_R12_2_r": 1.414100318299876e-14,
    "V_R12_2_i": 230.94010767585033,
    "V_R12_3_r": 0.0,
    "V_R12_3_i": 0.0,
    "V_R13_0_r": 200.00000000000003,
    "V_R13_0_i": -115.47005383792515,
    "V_R13_1_r": -199.99999999999997,
    "V_R13_1_i": -115.47005383792524,
    "V_R13_2_r": 1.414100318299876e-14,
    "V_R13_2_i": 230.94010767585033,
    "V_R13_3_r": 0.0,
    "V_R13_3_i": 0.0,
    "V_R14_0_r": 200.00000000000003,
    "V_R14_0_i": -115.47005383792515,
    "V_R14_1_r": -199.99999999999997,
    "V_R14_1_i": -115.47005383792524,
    "V_R14_2_r": 1.414100318299876e-14,
    "V_R14_2_i": 230.94010767585033,
    "V_R14_3_r": 0.0,
    "V_R14_3_i": 0.0,
    "V_R15_0_r": 200.00000000000003,
    "V_R15_0_i": -115.47005383792515,
    "V_R15_1_r": -199.99999999999997,
    "V_R15_1_i": -115.47005383792524,
    "V_R15_2_r": 1.414100318299876e-14,
    "V_R15_2_i": 230.94010767585033,
    "V_R15_3_r": 0.0,
    "V_R15_3_i": 0.0,
    "V_R16_0_r": 200.00000000000003,
    "V_R16_0_i": -115.47005383792515,
    "V_R16_1_r": -199.99999999999997,
    "V_R16_1_i": -115.47005383792524,
    "V_R16_2_r": 1.414100318299876e-14,
    "V_R16_2_i": 230.94010767585033,
    "V_R16_3_r": 0.0,
    "V_R16_3_i": 0.0,
    "V_R17_0_r": 200.00000000000003,
    "V_R17_0_i": -115.47005383792515,
    "V_R17_1_r": -199.99999999999997,
    "V_R17_1_i": -115.47005383792524,
    "V_R17_2_r": 1.414100318299876e-14,
    "V_R17_2_i": 230.94010767585033,
    "V_R17_3_r": 0.0,
    "V_R17_3_i": 0.0,
    "V_R18_0_r": 200.00000000000003,
    "V_R18_0_i": -115.47005383792515,
    "V_R18_1_r": -199.99999999999997,
    "V_R18_1_i": -115.47005383792524,
    "V_R18_2_r": 1.414100318299876e-14,
    "V_R18_2_i": 230.94010767585033,
    "V_R18_3_r": 0.0,
    "V_R18_3_i": 0.0,
    "V_S01_0_r": 400.0,
    "V_S01_0_i": 0.0,
    "V_S01_1_r": -400.0,
    "V_S01_1_i": 0.0,
    "V_S03_0_r": 400.0,
    "V_S03_0_i": 0.0,
    "V_S03_1_r": -400.0,
    "V_S03_1_i": 0.0,
    "V_S04_0_r": 400.0,
    "V_S04_0_i": 0.0,
    "V_S04_1_r": -400.0,
    "V_S04_1_i": 0.0,
    "V_S06_0_r": 400.0,
    "V_S06_0_i": 0.0,
    "V_S06_1_r": -400.0,
    "V_S06_1_i": 0.0,
    "V_S07_0_r": 400.0,
    "V_S07_0_i": 0.0,
    "V_S07_1_r": -400.0,
    "V_S07_1_i": 0.0,
    "V_S09_0_r": 400.0,
    "V_S09_0_i": 0.0,
    "V_S09_1_r": -400.0,
    "V_S09_1_i": 0.0,
    "V_S10_0_r": 400.0,
    "V_S10_0_i": 0.0,
    "V_S10_1_r": -400.0,
    "V_S10_1_i": 0.0,
    "V_S11_0_r": 400.0,
    "V_S11_0_i": 0.0,
    "V_S11_1_r": -400.0,
    "V_S11_1_i": 0.0,
    "V_S16_0_r": 400.0,
    "V_S16_0_i": 0.0,
    "V_S16_1_r": -400.0,
    "V_S16_1_i": 0.0,
    "V_S17_0_r": 400.0,
    "V_S17_0_i": 0.0,
    "V_S17_1_r": -400.0,
    "V_S17_1_i": 0.0,
    "V_S18_0_r": 400.0,
    "V_S18_0_i": 0.0,
    "V_S18_1_r": -400.0,
    "V_S18_1_i": 0.0,
    "V_S14_0_r": 400.0,
    "V_S14_0_i": 0.0,
    "V_S14_1_r": -400.0,
    "V_S14_1_i": 0.0,
    "V_S15_0_r": 400.0,
    "V_S15_0_i": 0.0,
    "V_S15_1_r": -400.0,
    "V_S15_1_i": 0.0,
    "v_S01_a_r": 800.0,
    "v_S01_n_r": 1.0,
    "omega": 1.0,
    "omega_coi": 1.0
}