{
    "V_A0_0_r": 10052.342990355211,
    "V_A0_0_i": 5681.8776595056825,
    "V_A0_1_r": -105.52110085041204,
    "V_A0_1_i": -11546.523226954885,
    "V_A0_2_r": -9946.821889504796,
    "V_A0_2_i": 5864.6455674492045,
    "V_A0_3_r": 0.0,
    "V_A0_3_i": 0.0,
    "V_A1_0_r": 200.00000000000003,
    "V_A1_0_i": -115.47005383792515,
    "V_A1_1_r": -199.99999999999997,
    "V_A1_1_i": -115.47005383792524,
    "V_A1_2_r": 1.414100318299876e-14,
    "V_A1_2_i": 230.94010767585033,
    "V_A1_3_r": 0.0,
    "V_A1_3_i": 0.0,
    "V_A2_0_r": 200.00000000000003,
    "V_A2_0_i": -115.47005383792515,
    "V_A2_1_r": -199.99999999999997,
    "V_A2_1_i": -115.47005383792524,
    "V_A2_2_r": 1.414100318299876e-14,
    "V_A2_2_i": 230.94010767585033,
    "V_A2_3_r": 0.0,
    "V_A2_3_i": 0.0,
    "V_A3_0_r": 200.00000000000003,
    "V_A3_0_i": -115.47005383792515,
    "V_A3_1_r": -199.99999999999997,
    "V_A3_1_i": -115.47005383792524,
    "V_A3_2_r": 1.414100318299876e-14,
    "V_A3_2_i": 230.94010767585033,
    "V_A3_3_r": 0.0,
    "V_A3_3_i": 0.0,
    "V_A4_0_r": 200.00000000000003,
    "V_A4_0_i": -115.47005383792515,
    "V_A4_1_r": -199.99999999999997,
    "V_A4_1_i": -115.47005383792524,
    "V_A4_2_r": 1.414100318299876e-14,
    "V_A4_2_i": 230.94010767585033,
    "V_A4_3_r": 0.0,
    "V_A4_3_i": 0.0,
    "V_D2_0_r": 400.00000000000006,
    "V_D2_0_i": -230.9401076758503,
    "V_D2_1_r": -399.99999999999994,
    "V_D2_1_i": -230.94010767585047,
    "V_D2_2_r": 2.828200636599752e-14,
    "V_D2_2_i": 461.88021535170066,
    "V_D2_3_r": 0.0,
    "V_D2_3_i": 0.0,
    "V_D3_0_r": 400.00000000000006,
    "V_D3_0_i": -230.9401076758503,
    "V_D3_1_r": -399.99999999999994,
    "V_D3_1_i": -230.94010767585047,
    "V_D3_2_r": 2.828200636599752e-14,
    "V_D3_2_i": 461.88021535170066,
    "V_D3_3_r": 0.0,
    "V_D3_3_i": 0.0,
    "V_D4_0_r": 400.00000000000006,
    "V_D4_0_i": -230.9401076758503,
    "V_D4_1_r": -399.99999999999994,
    "V_D4_1_i": -230.94010767585047,
    "V_D4_2_r": 2.828200636599752e-14,
    "V_D4_2_i": 461.88021535170066,
    "V_D4_3_r": 0.0,
    "V_D4_3_i": 0.0,
    "v_D2_a_r": 800.0,
    "v_D2_n_r": 1.0,
    "v_D4_a_r": 800.0,
    "v_D4_n_r": 1.0,
    "v_ta_r_A3": 230.94010767585033,
    "v_ta_i_A3": 0.0,
    "v_tb_r_A3": -115.47005383792511,
    "v_tb_i_A3": -200.00000000000003,
    "v_tc_r_A3": -115.47005383792526,
    "v_tc_i_A3": 199.99999999999997,
    "v_tn_r_A3": 0.0,
    "v_tn_i_A3": 0.0,
    "omega": 1.0,
    "v_bat_D3": 600,
    "soc_D3": 0.5,
    "xi_soc_D3": 0.5,
    "omega_coi": 1.0
}