{
    "phi_A3": -0.284466921842869,
    "omega_A3": 1.9999980000019997e-06,
    "xi_q_A3": 1060.2853548415105,
    "p_ef_A3": 1.099998000002,
    "p_cf_A3": 0.1,
    "p_pfr_A3": -0.999998000002,
    "De_ao_m_A3": 10.60295957695059,
    "De_bo_m_A3": 10.60295957695059,
    "De_co_m_A3": 10.60295957695059,
    "De_no_m_A3": 0.0,
    "i_h_f_D3": -9.234253122453457e-11,
    "soc_D3": 0.5,
    "xi_soc_D3": 73867.20389504421,
    "xi_freq": 99.99980000019998,
    "V_A0_0_r": 11547.031906576447,
    "V_A0_0_i": 0.3107195866449355,
    "V_A0_1_r": -5773.24798958094,
    "V_A0_1_i": -10000.18023010369,
    "V_A0_2_r": -5773.7839169955105,
    "V_A0_2_i": 9999.869510517043,
    "V_A1_0_r": 200.67659544994248,
    "V_A1_0_i": -114.76824090688544,
    "V_A1_1_r": -199.7292804627479,
    "V_A1_1_i": -116.5049319704145,
    "V_A1_2_r": -1.022416101510283,
    "V_A1_2_i": 231.13490415812447,
    "V_A1_3_r": -0.023187967769425628,
    "V_A1_3_i": -0.05001717948900596,
    "V_A2_0_r": 200.6555610541435,
    "V_A2_0_i": -114.77428865608172,
    "V_A2_1_r": -199.723834829332,
    "V_A2_1_i": -116.48371955160698,
    "V_A2_2_r": -1.0068555097258927,
    "V_A2_2_i": 231.11946182039014,
    "V_A2_3_r": -0.023160691477815385,
    "V_A2_3_i": -0.04973707119434192,
    "V_A3_0_r": 203.78717090209386,
    "V_A3_0_i": -114.98931338267289,
    "V_A3_1_r": -201.32115325860843,
    "V_A3_1_i": -118.77436477915266,
    "V_A3_2_r": -2.343518424830974,
    "V_A3_2_i": 233.35600611907174,
    "V_A3_3_r": -0.2122181002495061,
    "V_A3_3_i": 0.21395882617118211,
    "V_A4_0_r": 203.78717090209378,
    "V_A4_0_i": -114.9893133826729,
    "V_A4_1_r": -201.3211532586085,
    "V_A4_1_i": -118.77436477915266,
    "V_A4_2_r": -2.343518424831064,
    "V_A4_2_i": 233.3560061190717,
    "V_A4_3_r": -0.21221810024959115,
    "V_A4_3_i": 0.21395882617115894,
    "V_D2_0_r": 399.9999982496753,
    "V_D2_0_i": -2.933070934680236e-31,
    "V_D2_1_r": -399.9999982496753,
    "V_D2_1_i": -2.7077973164976915e-31,
    "V_D3_0_r": 399.9630663980534,
    "V_D3_0_i": -2.933131119990998e-31,
    "V_D3_1_r": -399.9630663980534,
    "V_D3_1_i": -2.7078575018084536e-31,
    "V_D4_0_r": 399.92613454643345,
    "V_D4_0_i": -2.933070934680236e-31,
    "V_D4_1_r": -399.92613454643345,
    "V_D4_1_i": -2.7077973164976915e-31,
    "i_load_A2_a_r": 0.0,
    "i_load_A2_a_i": 0.0,
    "i_load_A2_b_r": 0.0,
    "i_load_A2_b_i": 0.0,
    "i_load_A2_c_r": 0.0,
    "i_load_A2_c_i": 0.0,
    "i_load_A2_n_r": 0.0,
    "i_load_A2_n_i": 0.0,
    "i_load_A3_a_r": 0.0,
    "i_load_A3_a_i": 0.0,
    "i_load_A3_b_r": 0.0,
    "i_load_A3_b_i": 0.0,
    "i_load_A3_c_r": 0.0,
    "i_load_A3_c_i": 0.0,
    "i_load_A3_n_r": -2.1775868520750103e-29,
    "i_load_A3_n_i": 0.0,
    "i_load_A4_a_r": 0.0,
    "i_load_A4_a_i": 0.0,
    "i_load_A4_b_r": 0.0,
    "i_load_A4_b_i": 0.0,
    "i_load_A4_c_r": 0.0,
    "i_load_A4_c_i": 0.0,
    "i_load_A4_n_r": 0.0,
    "i_load_A4_n_i": 0.0,
    "i_load_D2_p_r": 0.0,
    "i_load_D3_p_r": 0.0,
    "i_load_D4_p_r": 0.0,
    "p_a_d_A2": -466.7532590442441,
    "p_b_d_A2": -466.7532590442441,
    "p_c_d_A2": -466.7532590442441,
    "p_n_d_A2": 2.628998415590129e-06,
    "i_vsc_A2_a_r": -1.7529666915675215,
    "i_vsc_A2_a_i": 1.0021407146904728,
    "i_vsc_A2_b_r": 1.7443070649991943,
    "i_vsc_A2_b_i": 1.0170051709809342,
    "i_vsc_A2_c_r": 0.008591716590986353,
    "i_vsc_A2_c_i": -2.019061404612347,
    "i_vsc_A2_n_r": 6.790997734082439e-05,
    "i_vsc_A2_n_i": -8.448105906011604e-05,
    "i_vsc_pos_D2_sp": 1.7503247214159154,
    "i_vsc_D2_sn": -1.7503247214159154,
    "v_og_D2": -3.8757406253075114e-22,
    "p_vsc_D2": -1400.2597771327323,
    "i_vsc_A4_a_r": 0.0,
    "i_vsc_A4_a_i": 0.0,
    "i_vsc_A4_b_r": 0.0,
    "i_vsc_A4_b_i": 0.0,
    "i_vsc_A4_c_r": 0.0,
    "i_vsc_A4_c_i": 0.0,
    "i_vsc_A4_n_r": 0.0,
    "i_vsc_A4_n_i": 0.0,
    "i_vsc_pos_D4_sp": 1.7503247213235729,
    "i_vsc_D4_sn": -1.7503247213235729,
    "p_vsc_D4": 1400.0011999999997,
    "p_vsc_a_A4": 0.0,
    "p_vsc_b_A4": 0.0,
    "p_vsc_c_A4": 0.0,
    "i_vsc_A3_a_r": 137.16369166784187,
    "i_vsc_A3_b_r": -135.03456818217654,
    "i_vsc_A3_c_r": -0.599861966903996,
    "i_vsc_A3_n_r": -1.5447110718409005,
    "v_A3_o_r": -0.09959975517383926,
    "i_vsc_A3_a_i": -75.93537372811187,
    "i_vsc_A3_b_i": -79.85093212905117,
    "i_vsc_A3_c_i": 157.03370899820223,
    "i_vsc_A3_n_i": -1.2806545579407584,
    "v_A3_o_i": 0.04668117340768447,
    "p_dc_A3": 113725.98500899592,
    "p_m_A3": 1.099998000002,
    "v_ta_r_A3": 209.05517626035171,
    "v_tb_r_A3": -198.57935257880382,
    "v_tc_r_A3": -10.101602739236288,
    "v_ta_i_A3": -108.93716370996961,
    "v_tb_i_A3": -126.37128368295969,
    "v_tc_i_A3": 234.84966893730086,
    "i_vsc_A0_a_r": -3.102691733051399,
    "i_vsc_A0_b_r": 1.5322759619635613,
    "i_vsc_A0_c_r": 1.570415771087937,
    "i_vsc_A0_a_i": -0.045041333979554635,
    "i_vsc_A0_b_i": 2.7002507493402677,
    "i_vsc_A0_c_i": -2.6552094153607415,
    "v_bat_D3": 689.9999999999999,
    "i_brk_A1_a_r": 135.41072497627334,
    "i_brk_A1_b_r": -133.29026111717712,
    "i_brk_A1_c_r": -0.5912702503137006,
    "i_brk_A1_n_r": -1.5369229313714148,
    "i_brk_A1_a_i": -74.93323301342048,
    "i_brk_A1_b_i": -78.83392695807113,
    "i_brk_A1_c_i": 155.01464759359035,
    "i_brk_A1_n_i": -1.2641600152689951,
    "omega_coi": 1.9999980000019997e-06,
    "p_agc": 1.0099979800020198
}