{
    "delta_1": 6.948518936810383e-26,
    "omega_1": 1.0,
    "e1q_1": 0.8757431016412512,
    "e1d_1": 0.3308716397792363,
    "v_c_1": 1.0,
    "xi_v_1": 878915.9260554013,
    "x_gov_1_1": 0.252815971455879,
    "x_gov_2_1": 0.252815971455879,
    "xi_imw_1": -24198.81305556128,
    "xi_freq": 241990.65871532736,
    "V_1": 1.0,
    "theta_1": -0.5110500990928472,
    "V_2": 1.0411653264583098,
    "theta_2": -0.8413055385766394,
    "i_d_1": 0.0021152162761007742,
    "i_q_1": 0.28771446937324896,
    "p_g_1": 0.2519881305556128,
    "q_g_1": -0.13887430318713517,
    "v_f_1": 0.8789159260554024,
    "p_m_ref_1": 0.252815971455879,
    "p_m_1": 0.252815971455879,
    "omega_coi": 1.0,
    "p_agc": 24199.065871532737
}