{
    "V_POI_MV": 1.0,
    "theta_POI_MV": 0.0,
    "V_POI": 1.0,
    "theta_POI": 0.0,
    "V_GRID": 1.0,
    "theta_GRID": 0.0,
    "V_LV0101": 1.0,
    "theta_LV0101": 0.0,
    "V_MV0101": 1.0,
    "theta_MV0101": 0.0,
    "V_LV0102": 1.0,
    "theta_LV0102": 0.0,
    "V_MV0102": 1.0,
    "theta_MV0102": 0.0,
    "V_LV0103": 1.0,
    "theta_LV0103": 0.0,
    "V_MV0103": 1.0,
    "theta_MV0103": 0.0,
    "V_LV0201": 1.0,
    "theta_LV0201": 0.0,
    "V_MV0201": 1.0,
    "theta_MV0201": 0.0,
    "V_LV0202": 1.0,
    "theta_LV0202": 0.0,
    "V_MV0202": 1.0,
    "theta_MV0202": 0.0,
    "V_LV0203": 1.0,
    "theta_LV0203": 0.0,
    "V_MV0203": 1.0,
    "theta_MV0203": 0.0,
    "omega_coi": 1.0,
    "omega_GRID": 1.0,
    "v_dc_v_LV0101": 842.5000000000001,
    "p_s_LV0101": 0.5,
    "v_dc_v_LV0102": 842.5000000000001,
    "p_s_LV0102": 0.5,
    "v_dc_v_LV0103": 842.5000000000001,
    "p_s_LV0103": 0.5,
    "v_dc_v_LV0201": 842.5000000000001,
    "p_s_LV0201": 0.5,
    "v_dc_v_LV0202": 842.5000000000001,
    "p_s_LV0202": 0.5,
    "v_dc_v_LV0203": 842.5000000000001,
    "p_s_LV0203": 0.5
}