{
    "delta_G01": 0.2132025522823957,
    "x_v_G01": -1.4268442438597328e-17,
    "e_qm_G01": -0.013831786848671212,
    "xi_q_G01": 0.0,
    "delta_G02": 0.21320255228239568,
    "x_v_G02": -1.4268442438597328e-17,
    "e_qm_G02": -0.013831786848671236,
    "xi_q_G02": 0.0,
    "delta_POI": -6.339709450331957e-29,
    "Domega_POI": 0.0,
    "xi_freq": 7.128697582222547e-16,
    "V_G01": 1.1217290398086843,
    "theta_G01": 0.024120356095286597,
    "V_G02": 1.1217290398086843,
    "theta_G02": 0.02412035609528661,
    "V_BES": 1.0353721009227137,
    "theta_BES": 0.008378202871835197,
    "V_G01M": 1.0365130585320863,
    "theta_G01M": 0.00893097444676356,
    "V_G02M": 1.0365130585320863,
    "theta_G02M": 0.008930974446763561,
    "V_BESM": 1.0353721009227137,
    "theta_BESM": 0.008378202871835197,
    "V_POIM": 1.0353721009227137,
    "theta_POIM": 0.0083782028718352,
    "V_POI": 0.9999970497607691,
    "theta_POI": 7.126819670435954e-05,
    "V_GRID": 0.9999970497607691,
    "theta_GRID": 7.126819670436046e-05,
    "i_d_ref_G01": -0.12193743116755854,
    "i_q_ref_G01": 0.7027913925866117,
    "p_G01": 0.8,
    "q_G01": -0.013831786848671212,
    "e_qv_G01": 1.1383178684867121,
    "i_d_ref_G02": -0.12193743116755845,
    "i_q_ref_G02": 0.7027913925866117,
    "p_G02": 0.8,
    "q_G02": -0.013831786848671236,
    "e_qv_G02": 1.1383178684867123,
    "omega_POI": 1.0,
    "i_d_POI": 0.002952778801402152,
    "i_q_POI": -0.07126798638579951,
    "p_s_POI": -0.07126798638579952,
    "q_s_POI": 0.0029476909566160153,
    "omega_coi": 1.0,
    "p_agc": 0.0
}