{
    "m_f_1": 0.8341415056952854,
    "e_u_1": 0.8125,
    "delta_1": 0.004723256740791805,
    "xi_p_1": 10.0,
    "xi_q_1": -0.9990673647909617,
    "xi_u1": -9439.598754421784,
    "delta_2": -3.5675649010675047e-34,
    "Domega_2": 0.0,
    "Dv_2": 4.864154339729378e-36,
    "xi_freq": 2.830044316102961e-15,
    "V_1": 1.000000175791474,
    "theta_1": 9.65338904353244e-07,
    "V_2": 0.999999999499982,
    "theta_2": 1.8879193954467597e-08,
    "i_si_1": 9.112410317242316e-08,
    "i_sr_1": 0.09439597095016698,
    "p_s_1": 0.09439598754421785,
    "q_s_1": 0.0,
    "p_dc_1": 0.1,
    "i_u_1": 1.0957152917411925e-38,
    "v_u_1": 0.8125,
    "v_td_ref_1": -0.01399578276293964,
    "v_tq_ref_1": -1.000871955975805,
    "i_sd_mid_1": 0.00044594587139924687,
    "i_sq_mid_1": 0.09439491757458623,
    "i_sd_fault_1": 1.0000388390581678,
    "i_sq_fault_1": -0.004724440711205775,
    "omega_v_1": 1.0,
    "e_qv_1": -0.9990673647909616,
    "p_u_1": 0.09439598754421785,
    "m_1": 0.8341415056952854,
    "theta_t_1": 0.00925942160046251,
    "omega_2": 1.0,
    "i_d_2": 5.000182575358312e-07,
    "i_q_2": -1.887919394502766e-05,
    "p_s_2": -1.887919394502766e-05,
    "q_s_2": 5.000179008618488e-07,
    "omega_coi": 1.0,
    "p_agc": 0.0
}