{
    "m_f_1": 0.834978186051366,
    "v_u_1": 0.4959448402522116,
    "delta_1": 0.007287690183691807,
    "xi_p_1": 1.0,
    "xi_q_1": 0.003189554387591141,
    "delta_2": -6.897896622190706e-31,
    "Domega_2": 0.0,
    "xi_freq": 2.830044316102961e-15,
    "V_1": 1.001929445464587,
    "theta_1": 0.0010130742512727679,
    "V_2": 0.9999999899904833,
    "theta_2": 9.430202450332895e-06,
    "i_si_1": 9.553498718732328e-05,
    "i_sr_1": 0.09430202611916977,
    "p_s_1": 0.09448402522115848,
    "q_s_1": 0.0,
    "p_dc_1": 0.1,
    "i_u_1": -2.6858480185364623e-31,
    "v_td_ref_1": 0.0031433406047661422,
    "v_tq_ref_1": 1.001968892686489,
    "i_sd_ref_1": -0.0005917054165199134,
    "i_sq_ref_1": -0.03143340604766143,
    "omega_v_1": 1.0,
    "e_qv_1": 1.002028063228141,
    "p_u_1": -0.4055159747788415,
    "m_1": 0.834978186051366,
    "theta_t_1": 0.010424843757750313,
    "omega_2": 1.0,
    "i_d_2": 1.0053980948355744e-05,
    "i_q_2": -0.009430202355801358,
    "p_s_2": -0.00943020235580136,
    "q_s_2": 9.965052130801849e-06,
    "omega_coi": 1.0,
    "p_agc": 0.0
}