{
    "V_N01_0_r": 10052.342990355211,
    "V_N01_0_i": 5681.8776595056825,
    "V_N01_1_r": -105.52110085041204,
    "V_N01_1_i": -11546.523226954885,
    "V_N01_2_r": -9946.821889504796,
    "V_N01_2_i": 5864.6455674492045,
    "V_N01_3_r": 0.0,
    "V_N01_3_i": 0.0,
    "V_N02_0_r": 200.00000000000003,
    "V_N02_0_i": -115.47005383792515,
    "V_N02_1_r": -199.99999999999997,
    "V_N02_1_i": -115.47005383792524,
    "V_N02_2_r": 1.414100318299876e-14,
    "V_N02_2_i": 230.94010767585033,
    "V_N02_3_r": 0.0,
    "V_N02_3_i": 0.0,
    "V_N03_0_r": 200.00000000000003,
    "V_N03_0_i": -115.47005383792515,
    "V_N03_1_r": -199.99999999999997,
    "V_N03_1_i": -115.47005383792524,
    "V_N03_2_r": 1.414100318299876e-14,
    "V_N03_2_i": 230.94010767585033,
    "V_N03_3_r": 0.0,
    "V_N03_3_i": 0.0,
    "V_N04_0_r": 200.00000000000003,
    "V_N04_0_i": -115.47005383792515,
    "V_N04_1_r": -199.99999999999997,
    "V_N04_1_i": -115.47005383792524,
    "V_N04_2_r": 1.414100318299876e-14,
    "V_N04_2_i": 230.94010767585033,
    "V_N04_3_r": 0.0,
    "V_N04_3_i": 0.0,
    "V_N05_0_r": 200.00000000000003,
    "V_N05_0_i": -115.47005383792515,
    "V_N05_1_r": -199.99999999999997,
    "V_N05_1_i": -115.47005383792524,
    "V_N05_2_r": 1.414100318299876e-14,
    "V_N05_2_i": 230.94010767585033,
    "V_N05_3_r": 0.0,
    "V_N05_3_i": 0.0,
    "V_N06_0_r": 200.00000000000003,
    "V_N06_0_i": -115.47005383792515,
    "V_N06_1_r": -199.99999999999997,
    "V_N06_1_i": -115.47005383792524,
    "V_N06_2_r": 1.414100318299876e-14,
    "V_N06_2_i": 230.94010767585033,
    "V_N06_3_r": 0.0,
    "V_N06_3_i": 0.0,
    "V_N07_0_r": 200.00000000000003,
    "V_N07_0_i": -115.47005383792515,
    "V_N07_1_r": -199.99999999999997,
    "V_N07_1_i": -115.47005383792524,
    "V_N07_2_r": 1.414100318299876e-14,
    "V_N07_2_i": 230.94010767585033,
    "V_N07_3_r": 0.0,
    "V_N07_3_i": 0.0,
    "V_N08_0_r": 200.00000000000003,
    "V_N08_0_i": -115.47005383792515,
    "V_N08_1_r": -199.99999999999997,
    "V_N08_1_i": -115.47005383792524,
    "V_N08_2_r": 1.414100318299876e-14,
    "V_N08_2_i": 230.94010767585033,
    "V_N08_3_r": 0.0,
    "V_N08_3_i": 0.0,
    "V_N09_0_r": 200.00000000000003,
    "V_N09_0_i": -115.47005383792515,
    "V_N09_1_r": -199.99999999999997,
    "V_N09_1_i": -115.47005383792524,
    "V_N09_2_r": 1.414100318299876e-14,
    "V_N09_2_i": 230.94010767585033,
    "V_N09_3_r": 0.0,
    "V_N09_3_i": 0.0,
    "V_N10_0_r": 200.00000000000003,
    "V_N10_0_i": -115.47005383792515,
    "V_N10_1_r": -199.99999999999997,
    "V_N10_1_i": -115.47005383792524,
    "V_N10_2_r": 1.414100318299876e-14,
    "V_N10_2_i": 230.94010767585033,
    "V_N10_3_r": 0.0,
    "V_N10_3_i": 0.0,
    "V_N11_0_r": 200.00000000000003,
    "V_N11_0_i": -115.47005383792515,
    "V_N11_1_r": -199.99999999999997,
    "V_N11_1_i": -115.47005383792524,
    "V_N11_2_r": 1.414100318299876e-14,
    "V_N11_2_i": 230.94010767585033,
    "V_N11_3_r": 0.0,
    "V_N11_3_i": 0.0,
    "V_N12_0_r": 200.00000000000003,
    "V_N12_0_i": -115.47005383792515,
    "V_N12_1_r": -199.99999999999997,
    "V_N12_1_i": -115.47005383792524,
    "V_N12_2_r": 1.414100318299876e-14,
    "V_N12_2_i": 230.94010767585033,
    "V_N12_3_r": 0.0,
    "V_N12_3_i": 0.0,
    "omega": 1.0,
    "omega_coi": 1.0
}