{
    "V_D1_0_r": 400.00000000000006,
    "V_D1_0_i": -230.9401076758503,
    "V_D1_1_r": -399.99999999999994,
    "V_D1_1_i": -230.94010767585047,
    "V_D1_2_r": 2.828200636599752e-14,
    "V_D1_2_i": 461.88021535170066,
    "V_D1_3_r": 0.0,
    "V_D1_3_i": 0.0,
    "V_D2_0_r": 400.00000000000006,
    "V_D2_0_i": -230.9401076758503,
    "V_D2_1_r": -399.99999999999994,
    "V_D2_1_i": -230.94010767585047,
    "V_D2_2_r": 2.828200636599752e-14,
    "V_D2_2_i": 461.88021535170066,
    "V_D2_3_r": 0.0,
    "V_D2_3_i": 0.0,
    "V_D3_0_r": 400.00000000000006,
    "V_D3_0_i": -230.9401076758503,
    "V_D3_1_r": -399.99999999999994,
    "V_D3_1_i": -230.94010767585047,
    "V_D3_2_r": 2.828200636599752e-14,
    "V_D3_2_i": 461.88021535170066,
    "V_D3_3_r": 0.0,
    "V_D3_3_i": 0.0,
    "V_D4_0_r": 200.00000000000003,
    "V_D4_0_i": -115.47005383792515,
    "V_D4_1_r": -199.99999999999997,
    "V_D4_1_i": -115.47005383792524,
    "V_D4_2_r": 1.414100318299876e-14,
    "V_D4_2_i": 230.94010767585033,
    "V_D4_3_r": 0.0,
    "V_D4_3_i": 0.0,
    "V_D5_0_r": 200.00000000000003,
    "V_D5_0_i": -115.47005383792515,
    "V_D5_1_r": -199.99999999999997,
    "V_D5_1_i": -115.47005383792524,
    "V_D5_2_r": 1.414100318299876e-14,
    "V_D5_2_i": 230.94010767585033,
    "V_D5_3_r": 0.0,
    "V_D5_3_i": 0.0,
    "omega_coi": 1.0
}