{
    "delta_G10": -0.3047584934913674,
    "omega_G10": 1.0,
    "e1q_G10": 1.0400444112379146,
    "e1d_G10": 0.0295628332916546,
    "v_r_G10": 1.0475,
    "x_cb_G10": 0.0051232193062379985,
    "xi_v_G10": 5123.2193062380975,
    "x_gov_1_G10": 0.16,
    "x_gov_2_G10": 0.16,
    "x_wo_pss_G10": 0.0,
    "x_12_pss_G10": 0.0,
    "x_34_pss_G10": 0.0,
    "delta_G02": -1.0463605494025895e-10,
    "omega_G02": 0.9999999999999972,
    "e1q_G02": 0.9162553961637141,
    "e1d_G02": 0.12571476901719805,
    "v_r_G02": 0.982,
    "x_cb_G02": 0.00436572375394208,
    "xi_v_G02": 4365.72375394211,
    "x_gov_1_G02": 0.15095967982262373,
    "x_gov_2_G02": 0.15095967982262373,
    "x_wo_pss_G02": -2.7755575615628914e-15,
    "x_12_pss_G02": 3.116905716131009e-32,
    "x_34_pss_G02": 2.3397141038210596e-32,
    "delta_G03": 0.04655605853560619,
    "omega_G03": 1.0,
    "e1q_G03": 0.9096146808398751,
    "e1d_G03": 0.2209646637912403,
    "v_r_G03": 0.9831,
    "x_cb_G03": 0.004384109711451157,
    "xi_v_G03": 4384.109711451168,
    "x_gov_1_G03": 0.16,
    "x_gov_2_G03": 0.16,
    "x_wo_pss_G03": 0.0,
    "x_12_pss_G03": 0.0,
    "x_34_pss_G03": 0.0,
    "delta_G04": 0.06991428062777151,
    "omega_G04": 1.0,
    "e1q_G04": 0.9179137161159598,
    "e1d_G04": 0.13221079719792417,
    "v_r_G04": 0.9972,
    "x_cb_G04": 0.004394248170375904,
    "xi_v_G04": 4394.248170375865,
    "x_gov_1_G04": 0.16,
    "x_gov_2_G04": 0.16,
    "x_wo_pss_G04": 0.0,
    "x_12_pss_G04": 0.0,
    "x_34_pss_G04": 0.0,
    "delta_G05": 0.17489832124537327,
    "omega_G05": 1.0,
    "e1q_G05": 0.9846767391295954,
    "e1d_G05": 0.3487493558953519,
    "v_r_G05": 1.0123,
    "x_cb_G05": 0.00678624448227888,
    "xi_v_G05": 6786.244482278889,
    "x_gov_1_G05": 0.16000000000000003,
    "x_gov_2_G05": 0.16000000000000003,
    "x_wo_pss_G05": 0.0,
    "x_12_pss_G05": 0.0,
    "x_34_pss_G05": 0.0,
    "delta_G06": -0.01157171556752621,
    "omega_G06": 1.0,
    "e1q_G06": 1.007623584686657,
    "e1d_G06": 0.20281563003273667,
    "v_r_G06": 1.0493,
    "x_cb_G06": 0.005120015529433242,
    "xi_v_G06": 5120.0155294332835,
    "x_gov_1_G06": 0.16,
    "x_gov_2_G06": 0.16,
    "x_wo_pss_G06": 0.0,
    "x_12_pss_G06": 0.0,
    "x_34_pss_G06": 0.0,
    "delta_G07": 0.02947279357231128,
    "omega_G07": 1.0,
    "e1q_G07": 0.9981904851468164,
    "e1d_G07": 0.12429678015950195,
    "v_r_G07": 1.0635,
    "x_cb_G07": 0.004773008901012873,
    "xi_v_G07": 4773.008901012933,
    "x_gov_1_G07": 0.16,
    "x_gov_2_G07": 0.16,
    "x_wo_pss_G07": 0.0,
    "x_12_pss_G07": 0.0,
    "x_34_pss_G07": 0.0,
    "delta_G08": 0.07218104621033966,
    "omega_G08": 1.0,
    "e1q_G08": 0.915882124122026,
    "e1d_G08": 0.26247921190686707,
    "v_r_G08": 1.0278,
    "x_cb_G08": 0.0038552457928340196,
    "xi_v_G08": 3855.245792834076,
    "x_gov_1_G08": 0.16,
    "x_gov_2_G08": 0.16,
    "x_wo_pss_G08": 0.0,
    "x_12_pss_G08": 0.0,
    "x_34_pss_G08": 0.0,
    "delta_G09": 0.1587179748251441,
    "omega_G09": 1.0,
    "e1q_G09": 0.874204276439753,
    "e1d_G09": 0.3230177366071721,
    "v_r_G09": 1.0265,
    "x_cb_G09": 0.003736151930939409,
    "xi_v_G09": 3736.1519309394084,
    "x_gov_1_G09": 0.16,
    "x_gov_2_G09": 0.16,
    "x_wo_pss_G09": 0.0,
    "x_12_pss_G09": 0.0,
    "x_34_pss_G09": 0.0,
    "delta_G01": -0.31950552634415536,
    "omega_G01": 1.0,
    "e1q_G01": 1.0131532370839844,
    "e1d_G01": 0.022489378492079406,
    "v_r_G01": 1.03,
    "x_cb_G01": 0.004877769529516982,
    "xi_v_G01": 4877.769529517049,
    "x_gov_1_G01": 0.16,
    "x_gov_2_G01": 0.16,
    "x_wo_pss_G01": 0.0,
    "x_12_pss_G01": 0.0,
    "x_34_pss_G01": 0.0,
    "xi_freq": -0.8794544447785079,
    "V_01": 1.0599599790759309,
    "theta_01": -0.3526062520087332,
    "V_02": 1.078150163147408,
    "theta_02": -0.34490175968524023,
    "V_03": 1.0817917795788439,
    "theta_03": -0.3547565007758828,
    "V_04": 1.0725333625902522,
    "theta_04": -0.35802396123452,
    "V_05": 1.0668122091579002,
    "theta_05": -0.354917953216494,
    "V_06": 1.0658363565277542,
    "theta_06": -0.35282036414102347,
    "V_07": 1.0644833225229882,
    "theta_07": -0.35954734194897736,
    "V_08": 1.0641755598953617,
    "theta_08": -0.36102960174060067,
    "V_09": 1.0563065671501168,
    "theta_09": -0.3592095169072268,
    "V_10": 1.066916955133858,
    "theta_10": -0.34456377999262744,
    "V_11": 1.0666885836088038,
    "theta_11": -0.3474131048879211,
    "V_12": 1.070730914999262,
    "theta_12": -0.3472910838529236,
    "V_13": 1.0692169297889043,
    "theta_13": -0.3468434331187815,
    "V_14": 1.0744753357322465,
    "theta_14": -0.35198092642393203,
    "V_15": 1.0815140167598085,
    "theta_15": -0.3521881597202287,
    "V_16": 1.0850411943190925,
    "theta_16": -0.34718005805843416,
    "V_17": 1.088766504112189,
    "theta_17": -0.3509354332315896,
    "V_18": 1.0866487362993025,
    "theta_18": -0.35379359513082476,
    "V_19": 1.07687748258068,
    "theta_19": -0.32941197598770344,
    "V_20": 1.0161241776117056,
    "theta_20": -0.33265185266685304,
    "V_21": 1.0827425564461157,
    "theta_21": -0.3393426792861723,
    "V_22": 1.0799964044933508,
    "theta_22": -0.3245736633149497,
    "V_23": 1.0781931024652218,
    "theta_23": -0.3251479262801345,
    "V_24": 1.0858630899695552,
    "theta_24": -0.3467767459460362,
    "V_25": 1.0793435980244925,
    "theta_25": -0.3398105393379881,
    "V_26": 1.0983947424610916,
    "theta_26": -0.34543530414636897,
    "V_27": 1.0949207945836483,
    "theta_27": -0.351743612577595,
    "V_28": 1.0887583111775292,
    "theta_28": -0.3331497992758229,
    "V_29": 1.0786114511560643,
    "theta_29": -0.323198914885633,
    "V_30": 1.0475,
    "theta_30": -0.33668796120753247,
    "V_31": 0.982,
    "theta_31": -0.32817136368933725,
    "V_32": 0.9831,
    "theta_32": -0.3180372925334076,
    "V_33": 0.9972,
    "theta_33": -0.3110395817990078,
    "V_34": 1.0123,
    "theta_34": -0.3149349275540537,
    "V_35": 1.0493,
    "theta_35": -0.3077584748592773,
    "V_36": 1.0635,
    "theta_36": -0.2983242048281001,
    "V_37": 1.0278,
    "theta_37": -0.3160299020827295,
    "V_38": 1.0265,
    "theta_38": -0.2979184969840914,
    "V_39": 1.03,
    "theta_39": -0.35722834627865757,
    "i_d_G10": -0.07143112240405704,
    "i_q_G10": 0.155104057144043,
    "p_g_G10": 0.16,
    "q_g_G10": -0.07997270981108491,
    "v_f_G10": 1.0246438612475997,
    "p_m_ref_G10": 0.16,
    "p_m_G10": 0.16,
    "v_pss_G10": 0.0,
    "i_d_G02": -0.029392953825116336,
    "i_q_G02": 0.1724009448946764,
    "p_g_G02": 0.15095967982262373,
    "q_g_G02": -0.0818902884470793,
    "v_f_G02": 0.873144750788416,
    "p_m_ref_G02": 0.15095967982262373,
    "p_m_G02": 0.15095967982262373,
    "v_pss_G02": 2.3397141038210596e-32,
    "i_d_G03": -0.020549403778445746,
    "i_q_G03": 0.18204371707961797,
    "p_g_G03": 0.16,
    "q_g_G03": -0.08268843027237648,
    "v_f_G03": 0.8768219422902315,
    "p_m_ref_G03": 0.16,
    "p_m_G03": 0.16,
    "v_pss_G03": 0.0,
    "i_d_G04": -0.022640594668354563,
    "i_q_G04": 0.1819080864033079,
    "p_g_G04": 0.16,
    "q_g_G04": -0.08840381351134668,
    "v_f_G04": 0.8788496340751809,
    "p_m_ref_G04": 0.16,
    "p_m_G04": 0.16,
    "v_pss_G04": 0.0,
    "i_d_G05": 0.10905721316224581,
    "i_q_G05": 0.120971714556645,
    "p_g_G05": 0.16000000000000003,
    "q_g_G05": 0.03980231858705445,
    "v_f_G05": 1.3572488964557758,
    "p_m_ref_G05": 0.16000000000000003,
    "p_m_G05": 0.16000000000000003,
    "v_pss_G05": 0.0,
    "i_d_G06": 0.009881467905400315,
    "i_q_G06": 0.15640906148896172,
    "p_g_G06": 0.16,
    "q_g_G06": -0.03798541868101113,
    "v_f_G06": 1.0240031058866486,
    "p_m_ref_G06": 0.16,
    "p_m_G06": 0.16,
    "v_pss_G06": 0.0,
    "i_d_G07": -0.02531283678527398,
    "i_q_G07": 0.16751587622574388,
    "p_g_G07": 0.15999999999999998,
    "q_g_G07": -0.08284465315234861,
    "v_f_G07": 0.9546017802025747,
    "p_m_ref_G07": 0.16,
    "p_m_G07": 0.16,