{
    "v_MV0_a_r": 11547.005383792515,
    "v_MV0_a_i": 0.0,
    "v_MV0_b_r": -5773.502691896255,
    "v_MV0_b_i": -10000.0,
    "v_MV0_c_r": -5773.502691896263,
    "v_MV0_c_i": 9999.999999999998,
    "v_R01_a_r": 200.00000000000003,
    "v_R01_a_i": 115.47005383792515,
    "v_R01_b_r": 1.414100318299876e-14,
    "v_R01_b_i": -230.94010767585033,
    "v_R01_c_r": -200.00000000000006,
    "v_R01_c_i": 115.4700538379251,
    "v_R01_n_r": 0.1,
    "v_R01_n_i": 0.0,
    "v_R02_a_r": 200.00000000000003,
    "v_R02_a_i": 115.47005383792515,
    "v_R02_b_r": 1.414100318299876e-14,
    "v_R02_b_i": -230.94010767585033,
    "v_R02_c_r": -200.00000000000006,
    "v_R02_c_i": 115.4700538379251,
    "v_R02_n_r": 0.1,
    "v_R02_n_i": 0.0,
    "v_R03_a_r": 200.00000000000003,
    "v_R03_a_i": 115.47005383792515,
    "v_R03_b_r": 1.414100318299876e-14,
    "v_R03_b_i": -230.94010767585033,
    "v_R03_c_r": -200.00000000000006,
    "v_R03_c_i": 115.4700538379251,
    "v_R03_n_r": 0.1,
    "v_R03_n_i": 0.0,
    "v_R04_a_r": 200.00000000000003,
    "v_R04_a_i": 115.47005383792515,
    "v_R04_b_r": 1.414100318299876e-14,
    "v_R04_b_i": -230.94010767585033,
    "v_R04_c_r": -200.00000000000006,
    "v_R04_c_i": 115.4700538379251,
    "v_R04_n_r": 0.1,
    "v_R04_n_i": 0.0,
    "v_R05_a_r": 200.00000000000003,
    "v_R05_a_i": 115.47005383792515,
    "v_R05_b_r": 1.414100318299876e-14,
    "v_R05_b_i": -230.94010767585033,
    "v_R05_c_r": -200.00000000000006,
    "v_R05_c_i": 115.4700538379251,
    "v_R05_n_r": 0.1,
    "v_R05_n_i": 0.0,
    "v_R06_a_r": 200.00000000000003,
    "v_R06_a_i": 115.47005383792515,
    "v_R06_b_r": 1.414100318299876e-14,
    "v_R06_b_i": -230.94010767585033,
    "v_R06_c_r": -200.00000000000006,
    "v_R06_c_i": 115.4700538379251,
    "v_R06_n_r": 0.1,
    "v_R06_n_i": 0.0,
    "v_R07_a_r": 200.00000000000003,
    "v_R07_a_i": 115.47005383792515,
    "v_R07_b_r": 1.414100318299876e-14,
    "v_R07_b_i": -230.94010767585033,
    "v_R07_c_r": -200.00000000000006,
    "v_R07_c_i": 115.4700538379251,
    "v_R07_n_r": 0.1,
    "v_R07_n_i": 0.0,
    "v_R08_a_r": 200.00000000000003,
    "v_R08_a_i": 115.47005383792515,
    "v_R08_b_r": 1.414100318299876e-14,
    "v_R08_b_i": -230.94010767585033,
    "v_R08_c_r": -200.00000000000006,
    "v_R08_c_i": 115.4700538379251,
    "v_R08_n_r": 0.1,
    "v_R08_n_i": 0.0,
    "v_R09_a_r": 200.00000000000003,
    "v_R09_a_i": 115.47005383792515,
    "v_R09_b_r": 1.414100318299876e-14,
    "v_R09_b_i": -230.94010767585033,
    "v_R09_c_r": -200.00000000000006,
    "v_R09_c_i": 115.4700538379251,
    "v_R09_n_r": 0.1,
    "v_R09_n_i": 0.0,
    "v_R10_a_r": 200.00000000000003,
    "v_R10_a_i": 115.47005383792515,
    "v_R10_b_r": 1.414100318299876e-14,
    "v_R10_b_i": -230.94010767585033,
    "v_R10_c_r": -200.00000000000006,
    "v_R10_c_i": 115.4700538379251,
    "v_R10_n_r": 0.1,
    "v_R10_n_i": 0.0,
    "v_R11_a_r": 200.00000000000003,
    "v_R11_a_i": 115.47005383792515,
    "v_R11_b_r": 1.414100318299876e-14,
    "v_R11_b_i": -230.94010767585033,
    "v_R11_c_r": -200.00000000000006,
    "v_R11_c_i": 115.4700538379251,
    "v_R11_n_r": 0.1,
    "v_R11_n_i": 0.0,
    "v_R12_a_r": 200.00000000000003,
    "v_R12_a_i": 115.47005383792515,
    "v_R12_b_r": 1.414100318299876e-14,
    "v_R12_b_i": -230.94010767585033,
    "v_R12_c_r": -200.00000000000006,
    "v_R12_c_i": 115.4700538379251,
    "v_R12_n_r": 0.1,
    "v_R12_n_i": 0.0,
    "v_R13_a_r": 200.00000000000003,
    "v_R13_a_i": 115.47005383792515,
    "v_R13_b_r": 1.414100318299876e-14,
    "v_R13_b_i": -230.94010767585033,
    "v_R13_c_r": -200.00000000000006,
    "v_R13_c_i": 115.4700538379251,
    "v_R13_n_r": 0.1,
    "v_R13_n_i": 0.0,
    "v_R14_a_r": 200.00000000000003,
    "v_R14_a_i": 115.47005383792515,
    "v_R14_b_r": 1.414100318299876e-14,
    "v_R14_b_i": -230.94010767585033,
    "v_R14_c_r": -200.00000000000006,
    "v_R14_c_i": 115.4700538379251,
    "v_R14_n_r": 0.1,
    "v_R14_n_i": 0.0,
    "v_R15_a_r": 200.00000000000003,
    "v_R15_a_i": 115.47005383792515,
    "v_R15_b_r": 1.414100318299876e-14,
    "v_R15_b_i": -230.94010767585033,
    "v_R15_c_r": -200.00000000000006,
    "v_R15_c_i": 115.4700538379251,
    "v_R15_n_r": 0.1,
    "v_R15_n_i": 0.0,
    "v_R16_a_r": 200.00000000000003,
    "v_R16_a_i": 115.47005383792515,
    "v_R16_b_r": 1.414100318299876e-14,
    "v_R16_b_i": -230.94010767585033,
    "v_R16_c_r": -200.00000000000006,
    "v_R16_c_i": 115.4700538379251,
    "v_R16_n_r": 0.1,
    "v_R16_n_i": 0.0,
    "v_R17_a_r": 200.00000000000003,
    "v_R17_a_i": 115.47005383792515,
    "v_R17_b_r": 1.414100318299876e-14,
    "v_R17_b_i": -230.94010767585033,
    "v_R17_c_r": -200.00000000000006,
    "v_R17_c_i": 115.4700538379251,
    "v_R17_n_r": 0.1,
    "v_R17_n_i": 0.0,
    "v_R18_a_r": 200.00000000000003,
    "v_R18_a_i": 115.47005383792515,
    "v_R18_b_r": 1.414100318299876e-14,
    "v_R18_b_i": -230.94010767585033,
    "v_R18_c_r": -200.00000000000006,
    "v_R18_c_i": 115.4700538379251,
    "v_R18_n_r": 0.1,
    "v_R18_n_i": 0.0,
    "v_I01_a_r": 200.00000000000003,
    "v_I01_a_i": 115.47005383792515,
    "v_I01_b_r": 1.414100318299876e-14,
    "v_I01_b_i": -230.94010767585033,
    "v_I01_c_r": -200.00000000000006,
    "v_I01_c_i": 115.4700538379251,
    "v_I01_n_r": 0.1,
    "v_I01_n_i": 0.0,
    "v_I02_a_r": 200.00000000000003,
    "v_I02_a_i": 115.47005383792515,
    "v_I02_b_r": 1.414100318299876e-14,
    "v_I02_b_i": -230.94010767585033,
    "v_I02_c_r": -200.00000000000006,
    "v_I02_c_i": 115.4700538379251,
    "v_I02_n_r": 0.1,
    "v_I02_n_i": 0.0,
    "v_C01_a_r": 200.00000000000003,
    "v_C01_a_i": 115.47005383792515,
    "v_C01_b_r": 1.414100318299876e-14,
    "v_C01_b_i": -230.94010767585033,
    "v_C01_c_r": -200.00000000000006,
    "v_C01_c_i": 115.4700538379251,
    "v_C01_n_r": 0.1,
    "v_C01_n_i": 0.0,
    "v_C02_a_r": 200.00000000000003,
    "v_C02_a_i": 115.47005383792515,
    "v_C02_b_r": 1.414100318299876e-14,
    "v_C02_b_i": -230.94010767585033,
    "v_C02_c_r": -200.00000000000006,
    "v_C02_c_i": 115.4700538379251,
    "v_C02_n_r": 0.1,
    "v_C02_n_i": 0.0,
    "v_C03_a_r": 200.00000000000003,
    "v_C03_a_i": 115.47005383792515,
    "v_C03_b_r": 1.414100318299876e-14,
    "v_C03_b_i": -230.94010767585033,
    "v_C03_c_r": -200.00000000000006,
    "v_C03_c_i": 115.4700538379251,
    "v_C03_n_r": 0.1,
    "v_C03_n_i": 0.0,
    "v_C04_a_r": 200.00000000000003,
    "v_C04_a_i": 115.47005383792515,
    "v_C04_b_r": 1.414100318299876e-14,
    "v_C04_b_i": -230.94010767585033,
    "v_C04_c_r": -200.00000000000006,
    "v_C04_c_i": 115.4700538379251,
    "v_C04_n_r": 0.1,
    "v_C04_n_i": 0.0,
    "v_C05_a_r": 200.00000000000003,
    "v_C05_a_i": 115.47005383792515,
    "v_C05_b_r": 1.414100318299876e-14,
    "v_C05_b_i": -230.94010767585033,
    "v_C05_c_r": -200.00000000000006,
    "v_C05_c_i": 115.4700538379251,
    "v_C05_n_r": 0.1,
    "v_C05_n_i": 0.0,
    "v_C06_a_r": 200.00000000000003,
    "v_C06_a_i": 115.47005383792515,
    "v_C06_b_r": 1.414100318299876e-14,
    "v_C06_b_i": -230.94010767585033,
    "v_C06_c_r": -200.00000000000006,
    "v_C06_c_i": 115.4700538379251,
    "v_C06_n_r": 0.1,
    "v_C06_n_i": 0.0,
    "v_C07_a_r": 200.00000000000003,
    "v_C07_a_i": 115.47005383792515,
    "v_C07_b_r": 1.414100318299876e-14,
    "v_C07_b_i": -230.94010767585033,
    "v_C07_c_r": -200.00000000000006,
    "v_C07_c_i": 115.4700538379251,
    "v_C07_n_r": 0.1,
    "v_C07_n_i": 0.0,
    "v_C08_a_r": 200.00000000000003,
    "v_C08_a_i": 115.47005383792515,
    "v_C08_b_r": 1.414100318299876e-14,
    "v_C08_b_i": -230.94010767585033,
    "v_C08_c_r": -200.00000000000006,
    "v_C08_c_i": 115.4700538379251,
    "v_C08_n_r": 0.1,
    "v_C08_n_i": 0.0,
    "v_C09_a_r": 200.00000000000003,
    "v_C09_a_i": 115.47005383792515,
    "v_C09_b_r": 1.414100318299876e-14,
    "v_C09_b_i": -230.94010767585033,
    "v_C09_c_r": -200.00000000000006,
    "v_C09_c_i": 115.4700538379251,