{
    "delta_ES_G": 7.123812230845038,
    "omega_ES_G": 1.0,
    "e1q_ES_G": 0.7501877414590488,
    "e1d_ES_G": 0.6311400075984448,
    "v_c_ES_G": 1.0,
    "xi_v_ES_G": 2170707.226635537,
    "x_gov_1_ES_G": 0.8999100089991001,
    "x_gov_2_ES_G": 0.8999100089991001,
    "xi_imw_ES_G": 0.8999100089991001,
    "x_wo_ES_G": -6.487497121720213e-18,
    "x_lead_ES_G": -1.0453480534079543e-16,
    "delta_FR_G": 25.889657731435992,
    "omega_FR_G": 1.0,
    "e1q_FR_G": 0.7721073850000226,
    "e1d_FR_G": 0.6227504095929242,
    "v_c_FR_G": 1.0,
    "xi_v_FR_G": 2199334.379279479,
    "x_gov_1_FR_G": 0.8999100089991001,
    "x_gov_2_FR_G": 0.8999100089991001,
    "xi_imw_FR_G": 0.8999100089991001,
    "x_wo_FR_G": -8.536361551504561e-17,
    "x_lead_FR_G": -2.5658686947470032e-17,
    "delta_DE_G": 6.975736996017264e-12,
    "omega_DE_G": 1.0000000000000002,
    "e1q_DE_G": 0.9384281931781946,
    "e1d_DE_G": 0.32993207958940596,
    "v_c_DE_G": 1.0,
    "xi_v_DE_G": 1245536.147152483,
    "x_gov_1_DE_G": 0.3514672581213765,
    "x_gov_2_DE_G": 0.3514672581213765,
    "xi_imw_DE_G": -6.511444587382818e-32,
    "x_wo_DE_G": 2.2078179893622063e-16,
    "x_lead_DE_G": 8.516641308346328e-18,
    "delta_IT_G": 7.099366104302657,
    "omega_IT_G": 1.0,
    "e1q_IT_G": 0.7517751518338314,
    "e1d_IT_G": 0.6305431379557159,
    "v_c_IT_G": 1.0,
    "xi_v_IT_G": 2172716.242566279,
    "x_gov_1_IT_G": 0.8999100089991001,
    "x_gov_2_IT_G": 0.8999100089991001,
    "xi_imw_IT_G": 0.8999100089991001,
    "x_wo_IT_G": 3.197639615916887e-17,
    "x_lead_IT_G": -3.197639615916887e-17,
    "delta_PL_G": 6.912342784005301,
    "omega_PL_G": 1.0,
    "e1q_PL_G": 0.7525851434765757,
    "e1d_PL_G": 0.6302379284722153,
    "v_c_PL_G": 1.0,
    "xi_v_PL_G": 2173745.1748544592,
    "x_gov_1_PL_G": 0.8999100089991001,
    "x_gov_2_PL_G": 0.8999100089991001,
    "xi_imw_PL_G": 0.8999100089991001,
    "x_wo_PL_G": 0.0,
    "x_lead_PL_G": 0.0,
    "delta_BA_G": 50.94595142284803,
    "omega_BA_G": 1.0,
    "e1q_BA_G": 0.7915239099918246,
    "e1d_BA_G": 0.6150589766754021,
    "v_c_BA_G": 1.0,
    "xi_v_BA_G": 2226328.2575383782,
    "x_gov_1_BA_G": 0.8999100089991001,
    "x_gov_2_BA_G": 0.8999100089991001,
    "xi_imw_BA_G": 0.8999100089991001,
    "x_wo_BA_G": 0.0,
    "x_lead_BA_G": 0.0,
    "xi_freq": 3.5146725812138095,
    "V_ES_G": 1.0,
    "theta_ES_G": -0.22823757250112858,
    "V_DE_G": 1.0,
    "theta_DE_G": -0.5071389613274382,
    "V_FR_G": 1.0,
    "theta_FR_G": -0.28823703225234865,
    "V_IT_G": 1.0,
    "theta_IT_G": -0.2509632215781525,
    "V_PL_G": 1.0,
    "theta_PL_G": -0.4371088478517593,
    "V_BA_G": 1.0,
    "theta_BA_G": -0.3437686175610057,
    "V_ES_T": 0.999999996925609,
    "theta_ES_T": -0.22823811244713565,
    "V_DE_T": 0.9999999405553246,
    "theta_DE_T": -0.5071394866649357,
    "V_FR_T": 0.9999999600883335,
    "theta_FR_T": -0.28823811214440254,
    "V_IT_T": 0.9999999925026659,
    "theta_IT_T": -0.25096416648366904,
    "V_PL_T": 0.9999999963231623,
    "theta_PL_T": -0.43710925281126484,
    "V_BA_T": 0.9999999735720279,
    "theta_BA_T": -0.34376902252052044,
    "i_d_ES_G": 0.7913757577584897,
    "i_q_ES_G": 0.4284725102501323,
    "p_g_ES_G": 0.8999100089991001,
    "q_g_ES_G": 0.005124227855282889,
    "v_f_ES_G": 2.170707226635537,
    "p_m_ref_ES_G": 0.8999100089991001,
    "p_m_ES_G": 0.8999100089991001,
    "z_wo_ES_G": -1.0453480534079543e-16,
    "v_pss_ES_G": -1.0453480534079543e-16,
    "i_d_FR_G": 0.7951125316320091,
    "i_q_FR_G": 0.42277692436722625,
    "p_g_FR_G": 0.8999100089991001,
    "q_g_FR_G": 0.03326020804074547,
    "v_f_FR_G": 2.199334379279479,
    "p_m_ref_FR_G": 0.8999100089991001,
    "p_m_FR_G": 0.8999100089991001,
    "z_wo_FR_G": -2.5658686947470032e-17,
    "v_pss_FR_G": -2.5658686947470032e-17,
    "i_d_DE_G": 0.2047386359828589,
    "i_q_DE_G": 0.28689746051252696,
    "p_g_DE_G": 0.35022497750224973,
    "q_g_DE_G": 0.03962987567741308,
    "v_f_DE_G": 1.2455361471524828,
    "p_m_ref_DE_G": 0.3514672581213765,
    "p_m_DE_G": 0.3514672581213765,
    "z_wo_DE_G": 8.516641308346328e-18,
    "v_pss_DE_G": 8.516641308346328e-18,
    "i_d_IT_G": 0.7916106355055419,
    "i_q_IT_G": 0.4280673034322579,
    "p_g_IT_G": 0.8999100089991001,
    "q_g_IT_G": 0.007140743413141814,
    "v_f_IT_G": 2.172716242566279,
    "p_m_ref_IT_G": 0.8999100089991001,
    "p_m_IT_G": 0.8999100089991001,
    "z_wo_IT_G": -3.197639615916887e-17,
    "v_pss_IT_G": -3.197639615916887e-17,
    "i_d_PL_G": 0.791732608009963,
    "i_q_PL_G": 0.4278601007958013,
    "p_g_PL_G": 0.8999100089991001,
    "q_g_PL_G": 0.00817093277970965,
    "v_f_PL_G": 2.173745174854459,
    "p_m_ref_PL_G": 0.8999100089991001,
    "p_m_PL_G": 0.8999100089991001,
    "z_wo_PL_G": 0.0,
    "v_pss_PL_G": 0.0,
    "i_d_BA_G": 0.7993338983546263,
    "i_q_BA_G": 0.41755531342525604,
    "p_g_BA_G": 0.8999100089991001,
    "q_g_BA_G": 0.05872900928593604,
    "v_f_BA_G": 2.2263282575383783,
    "p_m_ref_BA_G": 0.8999100089991001,
    "p_m_BA_G": 0.8999100089991001,
    "z_wo_BA_G": 0.0,
    "v_pss_BA_G": 0.0,
    "omega_coi": 1.0,
    "p_agc": 0.35146725812138097
}