{
    "delta_ES_G": 7.290131840655642,
    "omega_ES_G": 1.0,
    "e1q_ES_G": 0.7501877627822201,
    "e1d_ES_G": 0.6311399995922482,
    "v_c_ES_G": 1.0,
    "xi_v_ES_G": 2170707.25355565,
    "x_gov_1_ES_G": 0.8999100089991001,
    "x_gov_2_ES_G": 0.8999100089991001,
    "xi_imw_ES_G": 0.8999100089991001,
    "x_wo_ES_G": -3.1755075155936763e-17,
    "x_lead_ES_G": 3.1755075155936763e-17,
    "delta_FR_G": 19.765336879822133,
    "omega_FR_G": 1.0,
    "e1q_FR_G": 0.7790190546935015,
    "e1d_FR_G": 0.62003998810092,
    "v_c_FR_G": 0.9999999999999999,
    "xi_v_FR_G": 2208763.9786585667,
    "x_gov_1_FR_G": 0.8999100089991001,
    "x_gov_2_FR_G": 0.8999100089991001,
    "xi_imw_FR_G": 0.8999100089991001,
    "x_wo_FR_G": -4.7739877897172173e-17,
    "x_lead_FR_G": -6.328242456534348e-17,
    "delta_DE_G": 6.975736996017264e-12,
    "omega_DE_G": 1.0000000000000002,
    "e1q_DE_G": 0.9795920678100499,
    "e1d_DE_G": 0.24353210248026436,
    "v_c_DE_G": 0.9999999999999999,
    "xi_v_DE_G": 1199389.6602260259,
    "x_gov_1_DE_G": 0.2508881457923391,
    "x_gov_2_DE_G": 0.2508881457923391,
    "xi_imw_DE_G": -1.082091143240451e-30,
    "x_wo_DE_G": 2.0502118833614795e-16,
    "x_lead_DE_G": -8.673602817780415e-17,
    "delta_IT_G": 7.291840463695172,
    "omega_IT_G": 1.0,
    "e1q_IT_G": 0.7509139149480953,
    "e1d_IT_G": 0.630867174666433,
    "v_c_IT_G": 1.0,
    "xi_v_IT_G": 2171625.0404229574,
    "x_gov_1_IT_G": 0.8999100089991001,
    "x_gov_2_IT_G": 0.8999100089991001,
    "xi_imw_IT_G": 0.8999100089991001,
    "x_wo_IT_G": 4.8565109067395337e-17,
    "x_lead_IT_G": -4.8565109067395337e-17,
    "delta_PL_G": 7.052779801752624,
    "omega_PL_G": 1.0,
    "e1q_PL_G": 0.7525852270173871,
    "e1d_PL_G": 0.6302378969709048,
    "v_c_PL_G": 1.0,
    "xi_v_PL_G": 2173745.2811094006,
    "x_gov_1_PL_G": 0.8999100089991001,
    "x_gov_2_PL_G": 0.8999100089991001,
    "xi_imw_PL_G": 0.8999100089991001,
    "x_wo_PL_G": 0.0,
    "x_lead_PL_G": 0.0,
    "delta_BA_G": -17.987349583668895,
    "omega_BA_G": 1.0,
    "e1q_BA_G": 0.8242752312176873,
    "e1d_BA_G": 0.6015587505509079,
    "v_c_BA_G": 1.0,
    "xi_v_BA_G": 2275509.781416682,
    "x_gov_1_BA_G": 0.8999100089991001,
    "x_gov_2_BA_G": 0.8999100089991001,
    "xi_imw_BA_G": 0.8999100089991001,
    "x_wo_BA_G": 0.0,
    "x_lead_BA_G": 0.0,
    "xi_freq": 2.5088814579234353,
    "V_ES_G": 1.0,
    "theta_ES_G": -0.06191793957649199,
    "V_DE_G": 0.9999999999999999,
    "theta_DE_G": -0.3667020052975739,
    "V_FR_G": 0.9999999999999999,
    "theta_FR_G": -0.12191739997688511,
    "V_IT_G": 1.0,
    "theta_IT_G": -0.059422230430147896,
    "V_PL_G": 1.0,
    "theta_PL_G": -0.29667173958780846,
    "V_BA_G": 1.0,
    "theta_BA_G": -0.1269564751805673,
    "V_ES_T": 0.9999999969255928,
    "theta_ES_T": -0.06191847952249905,
    "V_DE_T": 0.9999999087057567,
    "theta_DE_T": -0.3667023806350744,
    "V_FR_T": 0.9999999492815919,
    "theta_FR_T": -0.12191847986895069,
    "V_IT_T": 0.9999999936518321,
    "theta_IT_T": -0.059423175335663346,
    "V_PL_T": 0.9999999963231144,
    "theta_PL_T": -0.296672144547314,
    "V_BA_T": 0.9999999536782712,
    "theta_BA_T": -0.1269568801400901,
    "i_d_ES_G": 0.7913757608765623,
    "i_q_ES_G": 0.4284725048148325,
    "p_g_ES_G": 0.8999100089991001,
    "q_g_ES_G": 0.005124254920880822,
    "v_f_ES_G": 2.1707072535556495,
    "p_m_ref_ES_G": 0.8999100089991001,
    "p_m_ES_G": 0.8999100089991001,
    "z_wo_ES_G": 3.1755075155936763e-17,
    "v_pss_ES_G": 3.1755075155936763e-17,
    "i_d_FR_G": 0.7965152779749669,
    "i_q_FR_G": 0.42093685546566195,
    "p_g_FR_G": 0.8999100089991001,
    "q_g_FR_G": 0.04226582591287931,
    "v_f_FR_G": 2.208763978658567,
    "p_m_ref_FR_G": 0.8999100089991001,
    "p_m_FR_G": 0.8999100089991001,
    "z_wo_FR_G": -6.328242456534348e-17,
    "v_pss_FR_G": -6.328242456534348e-17,
    "i_d_DE_G": 0.14653172827731717,
    "i_q_DE_G": 0.21176704563501247,
    "p_g_DE_G": 0.25022497750224965,
    "q_g_DE_G": 0.06086287573650776,
    "v_f_DE_G": 1.1993896602260257,
    "p_m_ref_DE_G": 0.2508881457923391,
    "p_m_DE_G": 0.2508881457923391,
    "z_wo_DE_G": -8.673602817780415e-17,
    "v_pss_DE_G": -8.673602817780415e-17,
    "i_d_IT_G": 0.791482521155912,
    "i_q_IT_G": 0.4282872876214753,
    "p_g_IT_G": 0.8999100089991001,
    "q_g_IT_G": 0.006046299423490229,
    "v_f_IT_G": 2.171625040422957,
    "p_m_ref_IT_G": 0.8999100089991001,
    "p_m_IT_G": 0.8999100089991001,
    "z_wo_IT_G": -4.8565109067395337e-17,
    "v_pss_IT_G": -4.8565109067395337e-17,
    "i_d_PL_G": 0.7917326206640743,
    "i_q_PL_G": 0.42786007940998294,
    "p_g_PL_G": 0.8999100089991001,
    "q_g_PL_G": 0.008171039074659386,
    "v_f_PL_G": 2.1737452811094005,
    "p_m_ref_PL_G": 0.8999100089991001,
    "p_m_PL_G": 0.8999100089991001,
    "z_wo_PL_G": 0.0,
    "v_pss_PL_G": 0.0,
    "i_d_BA_G": 0.8084872145955405,
    "i_q_BA_G": 0.4083901904622593,
    "p_g_BA_G": 0.8999100089991001,
    "q_g_BA_G": 0.10293735732714059,
    "v_f_BA_G": 2.275509781416682,
    "p_m_ref_BA_G": 0.8999100089991001,
    "p_m_BA_G": 0.8999100089991001,
    "z_wo_BA_G": 0.0,
    "v_pss_BA_G": 0.0,
    "omega_coi": 1.0,
    "p_agc": 0.25088814579234353
}