{
    "delta_1": 0.4545218210603713,
    "omega_1": 1.0,
    "e1q_1": 1.1110943175175751,
    "e1d_1": 0.29627879687126407,
    "delta_2": 4.879807339043889e-36,
    "Domega_2": 0.0,
    "xi_freq": 0.0,
    "V_1": 1.0261283594567085,
    "theta_1": 0.019919230842830083,
    "V_2": 1.0000419339293307,
    "theta_2": 4.9162829865156094e-05,
    "i_d_1": 0.5926037883216166,
    "i_q_1": 0.2576337364097949,
    "p_g_1": 0.49582445607930403,
    "q_g_1": 0.440247185131595,
    "omega_2": 1.0,
    "i_d_2": -0.04193272078822412,
    "i_q_2": -0.04916489143598424,
    "p_s_2": -0.04916489143598423,
    "q_s_2": -0.04193689632784673,
    "omega_coi": 1.0,
    "p_agc": 0.0
}