{
    "v_AC3_a_r": 199.9999067499739,
    "v_AC3_a_i": -115.46999999997206,
    "v_AC3_b_r": -199.999906750003,
    "v_AC3_b_i": -115.46999999998661,
    "v_AC3_c_r": 0.0,
    "v_AC3_c_i": 230.94000000003143,
    "v_AC3_n_r": -1.4551915228366852e-11,
    "v_AC3_n_i": 2.9103830456733704e-11,
    "v_AC4_a_r": 199.99990674995934,
    "v_AC4_a_i": -115.46999999994296,
    "v_AC4_b_r": -199.99990674998844,
    "v_AC4_b_i": -115.47000000000116,
    "v_AC4_c_r": 1.4551915228366852e-11,
    "v_AC4_c_i": 230.94000000004598,
    "v_AC4_n_r": -2.9103830456733704e-11,
    "v_AC4_n_i": 2.9103830456733704e-11,
    "v_DC4_a_r": 800.0,
    "v_DC4_a_i": 0.0,
    "v_DC4_b_r": 1.0000000000000003e-05,
    "v_DC4_b_i": 0.0,
    "v_DC4_c_r": 1.0000000000000003e-05,
    "v_DC4_c_i": 0.0,
    "v_DC4_n_r": 0.01,
    "v_DC4_n_i": 0.0,
    "v_AC2_a_r": 199.99990674998844,
    "v_AC2_a_i": -115.46999999997206,
    "v_AC2_b_r": -199.99990674998844,
    "v_AC2_b_i": -115.46999999997206,
    "v_AC2_c_r": 1.4551915228366852e-11,
    "v_AC2_c_i": 230.94000000004598,
    "v_AC2_n_r": 0.0,
    "v_AC2_n_i": 0.0,
    "v_DC2_n_r": 1.0,
    "v_DC2_n_i": 0.0,
    "i_load_AC3_a_r": 0.0,
    "i_load_AC3_a_i": 0.0,
    "i_load_AC3_b_r": 0.0,
    "i_load_AC3_b_i": 0.0,
    "i_load_AC3_c_r": 0.0,
    "i_load_AC3_c_i": 0.0,
    "i_load_AC3_n_r": 0.0,
    "i_load_AC3_n_i": 0.0,
    "i_load_AC4_a_r": 0.0,
    "i_load_AC4_a_i": 0.0,
    "i_load_AC4_b_r": 0.0,
    "i_load_AC4_b_i": 0.0,
    "i_load_AC4_c_r": 0.0,
    "i_load_AC4_c_i": 0.0,
    "i_load_AC4_n_r": 0.0,
    "i_load_AC4_n_i": 0.0,
    "i_load_DC4_a_r": 0.0,
    "i_load_DC4_a_i": 0.0,
    "i_load_DC4_b_r": 0.0,
    "i_load_DC4_b_i": 0.0,
    "i_load_DC4_c_r": 0.0,
    "i_load_DC4_c_i": 0.0,
    "i_load_DC4_n_r": 0.0,
    "i_load_DC4_n_i": 0.0,
    "v_DC2_a_r": 800.0
}