{
    "delta_19": 6.939182045878338e-25,
    "xi_p_19": -6.752320023464001e-17,
    "e_qv_19": 1.019996046215844,
    "p_ef_19": 0.009635943996234683,
    "p_cf_19": 0.0,
    "delta_01": -0.5734768762286407,
    "x_v_01": 1.461128317713003e-17,
    "e_qm_01": 1.2792716277395442,
    "xi_q_01": 0.0,
    "delta_03": -0.5443815568223181,
    "x_v_03": -9.044767371236629e-19,
    "e_qm_03": 1.134966389621531,
    "xi_q_03": 0.0,
    "delta_05": -0.4874971002235254,
    "x_v_05": -9.086160182561153e-18,
    "e_qm_05": 0.9050134559449448,
    "xi_q_05": 0.0,
    "delta_07": -0.40504004797922244,
    "x_v_07": -4.2704241209903294e-19,
    "e_qm_07": 0.6017943080135723,
    "xi_q_07": 0.0,
    "delta_09": -0.5692242361052656,
    "x_v_09": 3.233495176222064e-19,
    "e_qm_09": 1.3406631212295161,
    "xi_q_09": 0.0,
    "delta_11": -0.5405243343618342,
    "x_v_11": -2.1177607182505987e-18,
    "e_qm_11": 1.199249680722647,
    "xi_q_11": 0.0,
    "delta_13": -0.48447300838638224,
    "x_v_13": 2.324641486048564e-18,
    "e_qm_13": 0.9373092012796935,
    "xi_q_13": 0.0,
    "delta_15": -0.4033105738771061,
    "x_v_15": 3.4308041032388397e-18,
    "e_qm_15": 0.6120879271654754,
    "xi_q_15": 0.0,
    "xi_freq": 0.9635943996234683,
    "V_01": 1.0037916359323469,
    "theta_01": -0.7015425407523878,
    "V_02": 0.9770278067104392,
    "theta_02": -0.6564997354108706,
    "V_03": 1.0078581702876495,
    "theta_03": -0.670946763676992,
    "V_04": 0.9822842099768819,
    "theta_04": -0.626326040509612,
    "V_05": 1.0211144204037275,
    "theta_05": -0.6108985520179582,
    "V_06": 0.9949606382168482,
    "theta_06": -0.5674189458920078,
    "V_07": 1.0482863288778832,
    "theta_07": -0.5233396297568572,
    "V_08": 1.017821429844498,
    "theta_08": -0.4819395077936441,
    "V_09": 0.9962375547121854,
    "theta_09": -0.6986933266857042,
    "V_10": 0.9710926484222195,
    "theta_10": -0.653031170053257,
    "V_11": 1.0016861545376716,
    "theta_11": -0.6683114314935481,
    "V_12": 0.9771738061427775,
    "theta_12": -0.6231806332993168,
    "V_13": 1.0161225351293774,
    "theta_13": -0.6086949950473324,
    "V_14": 0.9911933798607618,
    "theta_14": -0.5648354788492622,
    "V_15": 1.0455210519948441,
    "theta_15": -0.521987790375521,
    "V_16": 1.015876072887625,
    "theta_16": -0.48039857224758803,
    "V_17": 1.0530658851992099,
    "theta_17": -0.37237273325001036,
    "V_18": 1.0179298669026768,
    "theta_18": -0.26817561918099564,
    "V_19": 1.0198623704384138,
    "theta_19": -0.0009224188374328141,
    "omega_19": 1.0,
    "i_d_19": 0.0003963925029830898,
    "i_q_19": 0.009447040537052824,
    "p_g_19": 0.009635049959215434,
    "q_g_19": 0.00039537841559983964,
    "p_m_19": 0.009635943996234683,
    "i_d_ref_01": 0.39689974181751486,
    "i_q_ref_01": 0.8546676006318263,
    "p_01": 0.8,
    "q_01": -0.504710529772986,
    "e_qv_01": 0.9360364186130229,
    "i_d_ref_03": 0.3769662992342295,
    "i_q_ref_03": 0.8481299493258103,
    "p_03": 0.8,
    "q_03": -0.4847882955069492,
    "e_qv_03": 0.9432516805189235,
    "i_d_ref_05": 0.39066820519034035,
    "i_q_ref_05": 0.8379162752005901,
    "p_05": 0.8,
    "q_05": -0.5011990056838853,
    "e_qv_05": 0.9547493272027529,
    "i_d_ref_07": 0.4736621390571573,
    "i_q_ref_07": 0.8248185555950539,
    "p_07": 0.8,
    "q_07": -0.5951120008413678,
    "e_qv_07": 0.9699102845993214,
    "i_d_ref_09": 0.3662185214797448,
    "i_q_ref_09": 0.8574795612487107,
    "p_09": 0.8,
    "q_09": -0.47207781869190385,
    "e_qv_09": 0.9329668439385241,
    "i_d_ref_11": 0.35654149113671774,
    "i_q_ref_11": 0.8510298646748368,
    "p_11": 0.8,
    "q_11": -0.46286842748678325,
    "e_qv_11": 0.9400375159638676,
    "i_d_ref_13": 0.36772084243456227,
    "i_q_ref_13": 0.8393358612874364,
    "p_13": 0.8,
    "q_13": -0.47644293187933656,
    "e_qv_13": 0.9531345399360154,
    "i_d_ref_15": 0.45847586210104035,
    "i_q_ref_15": 0.8252564762978518,
    "p_15": 0.8,
    "q_15": -0.5781317402667248,
    "e_qv_15": 0.9693956036417263,
    "omega_coi": 1.0,
    "p_agc": 0.9635943996234683
}