{
    "lambda_sd": 0.0007845407752881106,
    "lambda_sq": -1.0345057299726306,
    "lambda_rd": -0.0222325123677473,
    "lambda_rq": -0.03519401186167729,
    "omega_r": 157.00413118277328,
    "tau_r": 0.01570041311827733
}