{
    "nu": -2.070411103149678e-15,
    "i_a": -1.4661442628201643e-31,
    "i_f": 7.161458333333334,
    "xi_a": -3.997400682091842e-17,
    "soc": 0.5,
    "xi_b": 0.0,
    "snu": -1.9392688665331918e-33,
    "omega_r": -6.55193387072683e-15,
    "eta_a": -3.997400682091842e-17,
    "i_ch": 0.0,
    "v_b": 310.0
}