{
    "nu": 59.39781763572442,
    "snu": 0.9947486165767397,
    "omega_r": 187.96777732824185
}