{
    "V_R00_0_r": 11547.005383792515,
    "V_R00_0_i": 0.0,
    "V_R00_1_r": -5773.502691896255,
    "V_R00_1_i": -10000.0,
    "V_R00_2_r": -5773.502691896255,
    "V_R00_2_i": 10000.0,
    "V_R00_3_r": 0.0,
    "V_R00_3_i": 0.0,
    "V_R01_0_r": 200.00000000000003,
    "V_R01_0_i": -115.47005383792515,
    "V_R01_1_r": -199.99999999999997,
    "V_R01_1_i": -115.47005383792524,
    "V_R01_2_r": 1.414100318299876e-14,
    "V_R01_2_i": 230.94010767585033,
    "V_R01_3_r": 0.0,
    "V_R01_3_i": 0.0,
    "V_R10_0_r": 200.00000000000003,
    "V_R10_0_i": -115.47005383792515,
    "V_R10_1_r": -199.99999999999997,
    "V_R10_1_i": -115.47005383792524,
    "V_R10_2_r": 1.414100318299876e-14,
    "V_R10_2_i": 230.94010767585033,
    "V_R10_3_r": 0.0,
    "V_R10_3_i": 0.0,
    "omega": 1.0,
    "omega_coi": 1.0
}