{
    "buses": [
        {
            "N_nodes": 3,
            "U_kV": 20.0,
            "bus": "AC1",
            "deg_an": 0.0,
            "deg_bn": -119.99999999999999,
            "deg_cn": 120.00000000000004,
            "deg_ng": 0.0,
            "p_a": -9.812745815906965e-08,
            "p_b": 1.087458468795059e-07,
            "p_c": 1.8999582956382705e-07,
            "pos_x": 0,
            "pos_y": 0,
            "q_a": -3.964480583817931e-07,
            "q_b": -6.084810106016912e-07,
            "q_c": -3.23831462370059e-07,
            "units": "m",
            "v_ab": 19999.99067499782,
            "v_an": 11547.0,
            "v_bc": 19999.990674997825,
            "v_bn": 11547.0,
            "v_ca": 19999.99067499783,
            "v_cn": 11547.0,
            "v_ng": 0.0
        },
        {
            "N_nodes": 4,
            "U_kV": 0.4,
            "bus": "AC2",
            "deg_an": -29.999999999992735,
            "deg_bn": -150.00000000000725,
            "deg_cn": 89.99999999999639,
            "deg_ng": 0.0,
            "p_a": 0.0,
            "p_b": -0.0,
            "p_c": 0.0,
            "pos_x": 30,
            "pos_y": 0,
            "q_a": -0.0,
            "q_b": 0.0,
            "q_c": 0.0,
            "units": "m",
            "v_ab": 399.9998134999769,
            "v_an": 230.93999999999482,
            "v_bc": 399.9998134999845,
            "v_bn": 230.93999999999482,
            "v_ca": 399.99981349996995,
            "v_cn": 230.94000000004598,
            "v_ng": 0.0
        },
        {
            "N_nodes": 4,
            "U_kV": 0.4,
            "bus": "AC3",
            "deg_an": -29.999999999998987,
            "deg_bn": -149.9999999999979,
            "deg_cn": 89.99999999999639,
            "deg_ng": 116.56505117707799,
            "p_a": 0.0,
            "p_b": -0.0,
            "p_c": 0.0,
            "pos_x": 90,
            "pos_y": 0,
            "q_a": -0.0,
            "q_b": 0.0,
            "q_c": 0.0,
            "units": "m",
            "v_ab": 399.9998134999769,
            "v_an": 230.9400000000094,
            "v_bc": 399.9998134999845,
            "v_bn": 230.94000000001668,
            "v_ca": 399.9998134999574,
            "v_cn": 230.94000000000233,
            "v_ng": 3.253907165344266e-11
        },
        {
            "N_nodes": 4,
            "U_kV": 0.4,
            "bus": "AC4",
            "deg_an": -29.999999999992735,
            "deg_bn": -149.99999999999116,
            "deg_cn": 89.99999999998917,
            "deg_ng": 135.0,
            "p_a": 0.0,
            "p_b": -0.0,
            "p_c": 0.0,
            "pos_x": 150,
            "pos_y": 0,
            "q_a": -0.0,
            "q_b": 0.0,
            "q_c": 0.0,
            "units": "m",
            "v_ab": 399.9998134999478,
            "v_an": 230.93999999999482,
            "v_bc": 399.99981350000974,
            "v_bn": 230.93999999999875,
            "v_ca": 399.9998134999302,
            "v_cn": 230.94000000001688,
            "v_ng": 4.1159031748919956e-11
        },
        {
            "N_nodes": 4,
            "U_kV": 0.8,
            "acdc": "DC",
            "bus": "DC2",
            "deg_an": 0.0,
            "deg_bn": 0.0,
            "deg_cn": 0.0,
            "deg_ng": 0.0,
            "p_a": 0.0,
            "p_b": -2.7105054312137613e-25,
            "p_c": -2.7105054312137613e-25,
            "pos_x": 30,
            "pos_y": -20,
            "q_a": 0.0,
            "q_b": -0.0,
            "q_c": -0.0,
            "units": "m",
            "v_ab": 799.99999,
            "v_an": 800.0,
            "v_bc": 0.0,
            "v_bn": 1e-05,
            "v_ca": 799.99999,
            "v_cn": 1e-05,
            "v_ng": 0.0
        },
        {
            "N_nodes": 4,
            "U_kV": 0.8,
            "acdc": "DC",
            "bus": "DC4",
            "deg_an": 0.0,
            "deg_bn": 0.0,
            "deg_cn": 0.0,
            "deg_ng": 0.0,
            "p_a": 0.0,
            "p_b": 0.0,
            "p_c": 0.0,
            "pos_x": 150,
            "pos_y": -20,
            "q_a": 0.0,
            "q_b": 0.0,
            "q_c": 0.0,
            "units": "m",
            "v_ab": 799.99999,
            "v_an": 800.0,
            "v_bc": 0.0,
            "v_bn": 1.0000000000000003e-05,
            "v_ca": 799.99999,
            "v_cn": 1.0000000000000003e-05,
            "v_ng": 0.0
        }
    ],
    "grid_formers": [
        {
            "bus": "AC1",
            "bus_nodes": [
                1,
                2,
                3
            ],
            "deg": [
                0,
                -120,
                -240
            ],
            "kV": [
                11.547,
                11.547,
                11.547
            ]
        },
        {
            "bus": "DC2",
            "bus_nodes": [
                1,
                2,
                3
            ],
            "deg": [
                0,
                0,
                0
            ],
            "kV": [
                0.8,
                1e-08,
                1e-08
            ]
        }
    ],
    "line_codes": {
        "UG1": {
            "I_max": 430.0,
            "R": [
                [
                    0.211,
                    0.049,
                    0.049,
                    0.049
                ],
                [
                    0.049,
                    0.211,
                    0.049,
                    0.049
                ],
                [
                    0.049,
                    0.049,
                    0.211,
                    0.049
                ],
                [
                    0.049,
                    0.049,
                    0.049,
                    0.211
                ]
            ],
            "X": [
                [
                    0.747,
                    0.673,
                    0.651,
                    0.673
                ],
                [
                    0.673,
                    0.747,
                    0.673,
                    0.651
                ],
                [
                    0.651,
                    0.673,
                    0.747,
                    0.673
                ],
                [
                    0.673,
                    0.651,
                    0.673,
                    0.747
                ]
            ]
        },
        "UG1dc": {
            "I_max": 430.0,
            "R": [
                [
                    0.211,
                    0.0,
                    0.0,
                    0.0
                ],
                [
                    0.0,
                    0.211,
                    0.0,
                    0.0
                ],
                [
                    0.0,
                    0.0,
                    0.211,
                    0.0
                ],
                [
                    0.0,
                    0.0,
                    0.0,
                    0.211
                ]
            ],
            "X": [
                [
                    0.0,
                    0.0,
                    0.0,
                    0.0
                ],
                [
                    0.0,
                    0.0,
                    0.0,
                    0.0
                ],
                [
                    0.0,
                    0.0,
                    0.0,
                    0.0
                ],
                [
                    0.0,
                    0.0,
                    0.0,
                    0.0
                ]
            ]
        }
    },
    "lines": [
        {
            "bus_j": "AC2",
            "bus_j_nodes": [
                1,
                2,
                3,
                4
            ],
            "bus_k": "AC3",
            "bus_k_nodes": [
                1,
                2,
                3,
                4
            ],