{
    "m_f_1": 0.7092199485467942,
    "delta_1": 2.54411762908071e-08,
    "x_v_1": -4.440892098628327e-23,
    "e_qm_1": -3.179223908599993e-17,
    "xi_v_1": 2.5490195909901163,
    "delta_2": 6.699575151743548e-31,
    "Domega_2": 0.0,
    "xi_freq": -8.881739788080267e-16,
    "V_1": 1.0,
    "theta_1": -4.9019618776125094e-11,
    "V_2": 0.999999999754902,
    "theta_2": 6.699522232457242e-31,
    "i_si_1": 2.549019590958324e-06,
    "i_sr_1": 1.2495196860165138e-16,
    "p_s_1": 0.0,
    "q_s_1": 2.549019590958324e-06,
    "v_td_ref_1": -1.2745101203542054e-08,
    "v_tq_ref_1": 1.00000012745098,
    "e_qv_1": 1.0000000000000007,
    "m_1": 0.7092199485467942,
    "theta_t_1": 1.2696076711640479e-08,
    "omega_2": 1.0,
    "i_d_2": 2.45098039701862e-07,
    "i_q_2": 5.291880912076836e-33,
    "p_s_2": 5.29188091207688e-33,
    "q_s_2": 2.4509803964178895e-07,
    "omega_coi": 1.0,
    "p_agc": 0.0
}