{
    "m_f_1": 0.11128578103400158,
    "delta_1": -6.317109746547189,
    "x_v_1": 8.014462008849618e-19,
    "e_qm_1": 0.33762272703658525,
    "xi_v_1": -11575916.556743445,
    "delta_2": 8.145161365043546e-30,
    "Domega_2": 4.3193189560898313e-72,
    "Dv_2": 8.612267876722912e-30,
    "xi_freq": 3.2774268879183693e-24,
    "V_1": 1.0,
    "theta_1": 0.02924283463018302,
    "V_2": 0.9998875184183071,
    "theta_2": 1.712120255816372e-06,
    "i_si_1": 11.24810832935635,
    "i_sr_1": 0.17119349839154918,
    "p_s_1": 0.5,
    "q_s_1": -11.23829382970686,
    "p_dc_1": 1.1939932960932307,
    "v_td_ref_1": 0.04208351669350369,
    "v_tq_ref_1": -0.12673868276737119,
    "e_vq_1": -2.3762272703658494,
    "m_1": 0.11128578103400158,
    "theta_t_1": 2.7870735513062073,
    "omega_2": 1.0,
    "i_d_2": 0.11248158315855784,
    "i_q_2": -0.0017119276738211129,
    "p_s_2": -0.001711927673821113,
    "q_s_2": 0.11246892812131164,
    "omega_coi": 1.0,
    "p_agc": 0.0
}