{
    "V_1": 1.0,
    "theta_1": 0.0,
    "V_2": 1.0,
    "theta_2": 0.0,
    "omega_coi": 1.0,
    "omega_2": 1.0,
    "p_s_1": 0.365,
    "theta_tr_1": 0.02465482135296886,
    "omega_t_1": 0.9524406311809197,
    "omega_r_1": 0.9524406311809197,
    "beta_1": 0.0,
    "p_s_ref_1": 0.365,
    "nu_w_1": 9.524406311809198,
    "i_sr_1": 0.1,
    "v_tq_ref_1": 1.0,
    "m_1": 0.8,
    "theta_t_1": 0.0
}