{
    "delta_2": 3.3349925982608133e-32,
    "Domega_2": 8.228899622694732e-39,
    "theta_tr_1": 0.0011868571652112743,
    "omega_t_1": 0.26699983726212373,
    "omega_r_1": 0.26699983726212373,
    "beta_1": 0.0,
    "p_m_mppt_lpf_1": 0.008041037953069836,
    "xi_freq": 8.22686642412296e-11,
    "V_1": 1.002544392698448,
    "theta_1": -0.00019942703183244026,
    "V_2": 1.0000009936064633,
    "theta_2": 1.1870091242039534e-07,
    "omega_2": 1.0,
    "i_d_2": -0.0009936064562523037,
    "i_q_2": -0.00011870103036238883,
    "p_s_2": -0.00011870103036238885,
    "q_s_2": -0.0009936074575960282,
    "i_si_1": -0.09936164689791599,
    "i_sr_1": 0.011870102936329771,
    "p_s_1": 0.011920170719268392,
    "q_s_1": 0.09961208672338227,
    "p_s_ref_1": 0.008041037953069836,
    "i_sd_ref_1": 0.09974620648053305,
    "i_sq_ref_1": 0.008020630319847065,
    "v_td_ref_1": 0.00019539903282062398,
    "v_tq_ref_1": 1.0125992196496998,
    "m_1": 0.843832698752133,
    "theta_t_1": -6.459244969152993e-06,
    "omega_coi": 1.0,
    "p_agc": 0.0
}