{
    "buses": [
        {
            "N_nodes": 3,
            "U_kV": 20.0,
            "bus": "B1",
            "deg_an": 0.0,
            "deg_bn": -119.99999999999999,
            "deg_cn": 120.00000000000004,
            "deg_ng": 0.0,
            "p_a": 97245.49124075896,
            "p_b": 95639.30015294279,
            "p_c": 100141.6662986104,
            "pos_x": 0,
            "pos_y": 0,
            "q_a": 64078.70662184849,
            "q_b": 59807.15686638635,
            "q_c": 60551.929458736966,
            "units": "m",
            "v_ab": 19999.99067499782,
            "v_an": 11547.0,
            "v_bc": 19999.990674997825,
            "v_bn": 11547.0,
            "v_ca": 19999.99067499783,
            "v_cn": 11547.0,
            "v_ng": 0.0
        },
        {
            "N_nodes": 4,
            "U_kV": 0.4,
            "bus": "B2",
            "deg_an": -30.589910492105513,
            "deg_bn": -150.5553122696276,
            "deg_cn": 89.42991106450606,
            "deg_ng": 108.43494882292202,
            "p_a": 0.0,
            "p_b": -0.0,
            "p_c": 0.0,
            "pos_x": 10,
            "pos_y": 0,
            "q_a": -0.0,
            "q_b": 0.0,
            "q_c": 0.0,
            "units": "m",
            "v_ab": 395.77629215561916,
            "v_an": 228.4849590899424,
            "v_bc": 396.00033651140063,
            "v_bn": 228.59783216681123,
            "v_ca": 395.912644194464,
            "v_cn": 228.62993253824658,
            "v_ng": 4.601719643932854e-11
        },
        {
            "N_nodes": 4,
            "U_kV": 0.4,
            "bus": "B3",
            "deg_an": -30.539203013324737,
            "deg_bn": -150.89765945280067,
            "deg_cn": 90.2440489405289,
            "deg_ng": -13.746351008898756,
            "p_a": -84999.99994497238,
            "p_b": -85000.00002305994,
            "p_c": -85000.00002714703,
            "pos_x": 100,
            "pos_y": 0,
            "q_a": -52678.26878473126,
            "q_b": -52678.26873701247,
            "q_c": -52678.26876925182,
            "units": "m",
            "v_ab": 345.0317096843718,
            "v_an": 193.52127266471737,
            "v_bc": 350.51164125964596,
            "v_bn": 204.124293635352,
            "v_ca": 344.75279377352484,
            "v_cn": 202.97303746472153,
            "v_ng": 3.9866277616108703
        }
    ],
    "grid_formers": [
        {
            "bus": "B1",
            "bus_nodes": [
                1,
                2,
                3
            ],
            "deg": [
                0,
                -120,
                -240
            ],
            "kV": [
                11.547,
                11.547,
                11.547
            ]
        }
    ],
    "line_codes": {
        "OH1": {
            "I_max": 300.0,
            "R": [
                [
                    0.54,
                    0.049,
                    0.049,
                    0.049
                ],
                [
                    0.049,
                    0.54,
                    0.049,
                    0.049
                ],
                [
                    0.049,
                    0.049,
                    0.54,
                    0.049
                ],
                [
                    0.049,
                    0.049,
                    0.049,
                    0.54
                ]
            ],
            "X": [
                [
                    0.777,
                    0.505,
                    0.462,
                    0.436
                ],
                [
                    0.505,
                    0.777,
                    0.505,
                    0.462
                ],
                [
                    0.462,
                    0.505,
                    0.777,
                    0.505
                ],
                [
                    0.436,
                    0.462,
                    0.5,
                    0.777
                ]
            ]
        },
        "OH2": {
            "I_max": 300.0,
            "R": [
                [
                    1.369,
                    0.049,
                    0.049,
                    0.049
                ],
                [
                    0.049,
                    1.369,
                    0.049,
                    0.049
                ],
                [
                    0.049,
                    0.049,
                    1.369,
                    0.049
                ],
                [
                    0.049,
                    0.049,
                    0.049,
                    1.369
                ]
            ],
            "X": [
                [
                    0.812,
                    0.505,
                    0.462,
                    0.436
                ],
                [
                    0.505,
                    0.812,
                    0.505,
                    0.462
                ],
                [
                    0.462,
                    0.505,
                    0.812,
                    0.505
                ],
                [
                    0.436,
                    0.462,
                    0.505,
                    0.812
                ]
            ]
        },
        "OH3": {
            "I_max": 300.0,
            "R": [
                [
                    2.065,
                    0.049,
                    0.049,
                    0.049
                ],
                [
                    0.049,
                    2.065,
                    0.049,
                    0.049
                ],
                [
                    0.049,
                    0.049,
                    2.065,
                    0.049
                ],
                [
                    0.049,
                    0.049,
                    0.049,
                    2.065
                ]
            ],
            "X": [
                [
                    0.825,
                    0.505,
                    0.462,
                    0.436
                ],
                [
                    0.505,
                    0.825,
                    0.505,
                    0.462
                ],
                [
                    0.462,
                    0.505,
                    0.825,
                    0.505
                ],
                [
                    0.436,
                    0.462,
                    0.505,
                    0.825
                ]
            ]
        },
        "UG1": {
            "I_max": 200.0,
            "R": [
                [
                    0.211,
                    0.049,
                    0.049,
                    0.049
                ],
                [
                    0.049,
                    0.211,
                    0.049,
                    0.049
                ],
                [
                    0.049,
                    0.049,
                    0.211,
                    0.049
                ],
                [
                    0.049,
                    0.049,
                    0.049,
                    0.211
                ]
            ],
            "X": [
                [
                    0.747,
                    0.673,
                    0.651,
                    0.673
                ],
                [
                    0.673,
                    0.747,
                    0.673,
                    0.651
                ],
                [
                    0.651,
                    0.673,
                    0.747,
                    0.673
                ],
                [
                    0.673,
                    0.651,
                    0.673,
                    0.747
                ]
            ]
        },
        "UG1dc": {
            "I_max": 300.0,