{
    "v_B3_a_r": 170.54876838014752,
    "v_B3_a_i": -99.28085504463525,
    "v_B3_b_r": -174.48164275342424,
    "v_B3_b_i": -100.22747044649441,
    "v_B3_c_r": 3.0078871789301047,
    "v_B3_c_i": 202.02387764466403,
    "v_B3_n_r": 3.8724396011821227,
    "v_B3_n_i": -0.9473185551032657,
    "v_B2_a_r": 196.6870851043641,
    "v_B2_a_i": -116.27367321739439,
    "v_B2_b_r": -199.0700026046834,
    "v_B2_b_i": -112.3748322994652,
    "v_B2_c_r": 2.274814050120767,
    "v_B2_c_i": 228.61861532583134,
    "v_B2_n_r": -1.4551915228366852e-11,
    "v_B2_n_i": 4.3655745685100555e-11,
    "i_load_B3_a_r": -239.98215130057983,
    "i_load_B3_a_i": 457.6328442993,
    "i_load_B3_b_r": 489.3593730666109,
    "i_load_B3_b_i": -22.95767943983732,
    "i_load_B3_c_r": -257.7472296624054,
    "i_load_B3_c_i": -419.8765027477239,
    "i_load_B3_n_r": 8.370007896374347,
    "i_load_B3_n_i": -14.798662111738793
}