{
    "V_B1_0_r": 11547.005383792515,
    "V_B1_0_i": 0.0,
    "V_B1_1_r": -5773.502691896255,
    "V_B1_1_i": -10000.0,
    "V_B1_2_r": -5773.502691896255,
    "V_B1_2_i": 10000.0,
    "V_B1_3_r": 0.0,
    "V_B1_3_i": 0.0,
    "V_B2_0_r": 200.00000000000003,
    "V_B2_0_i": -115.47005383792515,
    "V_B2_1_r": -199.99999999999997,
    "V_B2_1_i": -115.47005383792524,
    "V_B2_2_r": 1.414100318299876e-14,
    "V_B2_2_i": 230.94010767585033,
    "V_B2_3_r": 0.0,
    "V_B2_3_i": 0.0,
    "V_B3_0_r": 200.00000000000003,
    "V_B3_0_i": -115.47005383792515,
    "V_B3_1_r": -199.99999999999997,
    "V_B3_1_i": -115.47005383792524,
    "V_B3_2_r": 1.414100318299876e-14,
    "V_B3_2_i": 230.94010767585033,
    "V_B3_3_r": 0.0,
    "V_B3_3_i": 0.0,
    "omega": 1.0,
    "omega_coi": 1.0
}