{
    "delta_1": -1.262177448353619e-29,
    "omega_1": 1.0,
    "e1q_1": 0.999999999986163,
    "e1d_1": 5.111111086188514e-07,
    "x_gov_1_1": 4.444444422768522e-07,
    "x_gov_2_1": 4.444444422768522e-07,
    "xi_imw_1": 999.95555555597,
    "xi_freq": -9999.555551115256,
    "V_1": 0.9999999955392366,
    "theta_1": -7.555554629948492e-07,
    "V_2": 0.9999999953392366,
    "theta_2": -2.0755555460328185e-05,
    "i_d_1": 9.224692243808866e-12,
    "i_q_1": 4.4444444227726215e-07,
    "p_g_1": 4.444444403015436e-07,
    "q_g_1": 8.888889777945282e-12,
    "p_m_ref_1": 4.444444422768522e-07,
    "p_m_1": 4.444444422768522e-07,
    "omega_coi": 1.0,
    "p_agc": -999.9555551115255
}