{
    "delta_1": 3.4658075605604685e-30,
    "omega_1": 1.0,
    "e1q_1": 0.9521113293822984,
    "e1d_1": 0.4772793900214177,
    "v_c_1": 1.03,
    "xi_v_1": 1947669.4649841445,
    "x_gov_1_1": 0.7807871323752867,
    "x_gov_2_1": 0.7807871323752867,
    "xi_imw_1": 0.7807871323752867,
    "delta_2": -0.1891010037317541,
    "omega_2": 1.0,
    "e1q_2": 0.963692072253072,
    "e1d_2": 0.4589102766396458,
    "v_c_2": 1.01,
    "xi_v_2": 2027859.424368631,
    "x_gov_1_2": 0.7809116294144692,
    "x_gov_2_2": 0.7809116294144692,
    "xi_imw_2": 0.7809116294144692,
    "delta_3": -0.46244288738734446,
    "omega_3": 1.0,
    "e1q_3": 0.9420063827326373,
    "e1d_3": 0.4863242883987756,
    "v_c_3": 1.03,
    "xi_v_3": 1950549.8845043338,
    "x_gov_1_3": 0.796435801026083,
    "x_gov_2_3": 0.796435801026083,
    "xi_imw_3": -7.7094580119972e-30,
    "delta_4": -0.6505844558727789,
    "omega_4": 1.0,
    "e1q_4": 0.9412396547164282,
    "e1d_4": 0.47097043471936784,
    "v_c_4": 1.01,
    "xi_v_4": 1975646.9594424155,
    "x_gov_1_4": 0.7808634407029095,
    "x_gov_2_4": 0.7808634407029095,
    "xi_imw_4": 0.7808634407029095,
    "xi_freq": 79643.58010260829,
    "V_1": 1.03,
    "theta_1": -0.7523861010715404,
    "V_2": 1.01,
    "theta_2": -0.9231970876887708,
    "V_3": 1.03,
    "theta_3": -1.232732284164297,
    "V_4": 1.01,
    "theta_4": -1.4087863254146349,
    "V_5": 1.006281010590395,
    "theta_5": -0.8654019628578788,
    "V_6": 0.9779639493427092,
    "theta_6": -1.0418137403671037,
    "V_7": 0.9609362069828502,
    "theta_7": -1.1889070038515395,
    "V_8": 0.9447673026906509,
    "theta_8": -1.433150745602531,
    "V_9": 0.9722846337001603,
    "theta_9": -1.6731417633554277,
    "V_10": 0.9839650288600588,
    "theta_10": -1.526676170064653,
    "V_11": 1.008453057815887,
    "theta_11": -1.3477716617863211,
    "i_d_1": 0.6637054237345641,
    "i_q_1": 0.41502555654036327,
    "p_g_1": 0.7792552546200958,
    "q_g_1": 0.20695142507296924,
    "v_f_1": 1.9476694649841444,
    "p_m_ref_1": 0.7807871323752867,
    "p_m_1": 0.7807871323752867,
    "i_d_2": 0.709444901410373,
    "i_q_2": 0.39905241446925727,
    "p_g_2": 0.7792552421703919,
    "q_g_2": 0.2619799966090218,
    "v_f_2": 2.027859424368631,
    "p_m_ref_2": 0.7809116294144692,
    "p_m_2": 0.7809116294144692,
    "i_d_3": 0.6723623345144644,
    "i_q_3": 0.4228906855641527,
    "p_g_3": 0.7948585319240563,
    "q_g_3": 0.19372617366675754,
    "v_f_3": 1.9505498845043336,
    "p_m_ref_3": 0.796435801026083,
    "p_m_3": 0.796435801026083,
    "i_d_4": 0.6896048698173248,
    "i_q_4": 0.40953950845162423,
    "p_g_4": 0.7792552469892631,
    "q_g_4": 0.22128855134413883,
    "v_f_4": 1.9756469594424155,
    "p_m_ref_4": 0.7808634407029095,
    "p_m_4": 0.7808634407029095,
    "omega_coi": 1.0,
    "p_agc": 7.96435801026083
}